syuzai_name,baitai_name,kouyaku
1日回胴録ハンチョウ石神収録 ガット石神,1GAME,来店実践
いきなりヨースケ収録 ヨースケ,1GAME,未調査
来店実戦_BASHtv,BASHtv,来店実践
BASHFIGHT,BASHtv,未調査
据膳上膳,BASHtv,高設定据置示唆
BASH QUEST,BASHtv,4台設置機種に二箇所
三暗刻,BASHtv,3台並びで高設定が3箇所
四暗刻,BASHtv,3台並びが4箇所
メガサンダー,BASHtv,??? 知ってる人教えてください
スコーピオン取材 ArmStrong,DMM,未調査
スコーピオン取材 REPO取材,DMM,未調査
スコーピオン取材 マジ愛取材,DMM,未調査
降臨シリーズ 四神画像,DMM,未調査
SCORPION取材,DMM,複数回に分けて数種類のイベントを開催
REAL取材,DMM,不明 知ってる人教えてください
降臨シリーズ トールハンマー,DMM,特定末尾番台に高設定を一部投入
降臨シリーズ シヴァ,DMM,設定６を６機種に投入
トントンマン,DMM,8機種に1/2で設定456投入
英雄の軌跡 ,DMM,"4台以上機種に全6が2機種以上
　　　6台以上機種の全てに6を1/6以上"
降臨シリーズ ヘラクレス×オーディン,DMM,"4台↑機種の2機種以上1/2高設定かつ
　　　3台並び以上で4か所以上に高設定"
降臨シリーズ オーディン,DMM,3台並び以上で4か所以上に高設定
スコーピオン取材 ALBATROSS TWIN,DMM,1機種(ツインは2機種)に設定全456
ドリスロ：ジャグラー,dorislo,ジャグラー系に高設定が複数台投入
ドリスロ：3台並び,dorislo,3台並びに高設定が複数カ所投入
ドリスロ：全台系,dorislo,全台系に高設定が複数カ所投入
おゆん実践,Gooパチ,来店実践
もも実践,Gooパチ,来店実践
ぱちジャッジ,Gooパチ,未調査
ぱちジャッジ 初,Gooパチ,不明 知ってる人教えてください
ダブジャクエスト,Gooパチ,"装備のアイコンにそれぞれ対応した
　　　公約が存在"
ダブジャクエスト 初,Gooパチ,"装備のアイコンにそれぞれ対応した
　　　公約が存在"
エンジェルジャッジ,Gooパチ,"全台系・バラ・並び・末尾・パネル
　　　　・機種末尾などから二つ以上"
エンジェルジャッジ 初,Gooパチ,"全台系・バラ・並び・末尾・パネル
　　　　・機種末尾などから二つ以上"
Gooパチ ジャッジ2nd,Gooパチ,機種単位で高設定台が複数
Gooパチ ジャッジ2nd 初,Gooパチ,機種単位で高設定台が複数
Gooパチジャッジ2nd,Gooパチ,機種単位で高設定台が複数
ダブジャ,Gooパチ,機種やパネルや島単位での全台系
めなこ軍曹調査員,Gooパチ,Gooパチ調査員
Gooパチ ジャッジ1st,Gooパチ,"6つの公約から3つを選択
　　　店全体機械割が100%以上"
Gooパチ ジャッジ1st 初,Gooパチ,"6つの公約から3つを選択
　　　店全体機械割が100%以上"
ヒッポツアー,hippo,全⑥機種を1機種以上設置
IMCいむちゃんねる 収録予定,IMCいむちゃんねる,未調査
P-tube広告,P-martTV,未調査
R30 ★★,P-martTV,ジャグラー
ｙｔｒ来店実践,SEVENSTV,来店実践
ワロス来店実践,SEVENSTV,来店実践
司芭扶来店実践,SEVENSTV,来店実践
アツ姫独自取材 Q,アツ姫,未調査
プレミアムペルセウス,アツ姫,未調査
アツ姫GO,アツ姫,編集部が取材と称して来店する
プレミアムNARABU無双,アツ姫,並び2箇所で5台以上設定⑥
全国プレミアムホール取材,アツ姫,不明 知ってる人教えてください
スナイプ,アツ姫,特定の末尾に全台設定456投入
極･究SLOT,アツ姫,対象機種が紙面に載っている
フェニックス,アツ姫,全台の10%の台に設定456
フェニックスNEO,アツ姫,全体の10％が設定56
サムライ乙女レポート 爆ガチ,アツ姫,戦国乙女示唆
満台が見たい!!,アツ姫,設置台数の10％が設定56
アニバーサリーレポート 爆ガチ,アツ姫,周年日示唆
FLASHジャック,アツ姫,沖スロやジャグラーシリーズなどが狙い目
FLASHジャックNEO,アツ姫,沖スロやジャグラーシリーズなどが狙い目
Re:START取材,アツ姫,リゼロが対象の取材
かぼレポ,アツ姫,マジカルハロウィン示唆
満天☆STAR Passion K,アツ姫,パチンコ(三機種以上に+ボーダーあり）
満天☆STAR Passion Z,アツ姫,パチンコ(三機種以上に+ボーダーあり）
満天☆STAR PassionZ,アツ姫,パチンコ(三機種以上に+ボーダーあり）
快盗天使レポート,アツ姫,ツインエンジェル示唆
SUPERフェニックス,アツ姫,スロット全体の10％が設定56
満天★STAR JOY,アツ姫,ジャグラー3機種以上が機械割100%以上
満天☆STAR JOY,アツ姫,ジャグラー3機種以上が機械割100%以上
ゴールデンオルトロス,アツ姫,"オルトロスが二日連続で開催
   　　公約もオルトロスと同じで
　　　全5.6機種2ヵ所になる"""
Ａレポート,アツ姫,Aタイプに高設定投入
ブラックフェニックス,アツ姫,8台構成以上2機種が1/2設定⑤⑥
NARABU LEGEND,アツ姫,5台並びで設定56が3箇所
NARABU無双,アツ姫,5台並びで設定56が2箇所
NARABU,アツ姫,5台並びで設定56が1箇所
ヒュドラ,アツ姫,5台以上設置機種に1台以上設定56
プレミアムヒュドラ,アツ姫,5台以上設置機種に1台以上設定5.6
満天☆STAR Kewl Ⅱ,アツ姫,"4か所以上に3台並び以上
　　で全台高設定"
満天☆STARKewlⅡ,アツ姫,"4か所以上に3台並び以上
　　で全台高設定"
ギガオルトロス,アツ姫,3台以上設置機種に全台設定⑤⑥が3箇所
オルトロス,アツ姫,"3台以上設置の機種限定で
　　　全⑤⑥を2ヵ所以上"
プラチナオルトロス,アツ姫,"3台以上設置の機種限定で
　　　全56を2ヵ所以上"
GPL,アツ姫,"3台以上構成機種の3機種以上に全456
　　　+総台数の10％に設定6を投入
　　　+3台以上設置機種の1機種に全6
　　　+3か所に5台並びで設定全56"
プレミアムライラプス,アツ姫,"3台以上構成の機種のうち
　　　1機種以上に全6"
ライラプス,アツ姫,"3台以上構成の機種のうち
　　　1機種以上に全456"
プレミアムオルトロス,アツ姫,３台以上機種限定で設定全６
ギガヒュドラ,アツ姫,3台以上機種に1台以上設定⑤⑥投入
満天☆STARKewlIII,アツ姫,3台以上の連番3箇所以上が機械割100%↑
満天★STAR KEWL,アツ姫,３台以上の高設定並びが4箇所以上
満天☆STAR Kewl,アツ姫,３台以上の高設定並びが4箇所以上
満天☆STAR Zeal Ⅱ,アツ姫,３機種以上に高設定台あり(強化版)
満天★STAR ZEAL,アツ姫,３機種以上に高設定台あり
満天☆STAR Zeal,アツ姫,３機種以上に高設定台あり
ニャントロス,アツ姫,2台以上設置の2機種以上に設定56投入
ヴェルデクス レポート,アメスロ,全⑤⑥機種(３台以上)が２機種以上
オフミーガール,オフミー,来店実践
オフミーガール 初開催,オフミー,未調査
オフミー開催 BBオフ会,オフミー,未調査
パチミー初取材,オフミー,未調査
万パチミー 初開催,オフミー,未調査
漢オフミー開催,オフミー,"特に公約はなし、編集部取材よりは
　　　配分がいいのが特徴"
オフミー取材,オフミー,全台形が数カ所入りやすい
オフミー開催,オフミー,全４５６、全６など全台系の島が複数
パチミー初開催,オフミー,パチンコに注目
ウシオフミー取材 初開催,オフミー,ウシオ×オフミー初開催
ウシオフミー 初開催,オフミー,ウシオ×オフミーコラボ
GOTOオフミー 初開催,オフミー,未調査
パチミー取材,オフミー,未調査
番組収録 ジャンバリ,ジャンバリ,来店実践
《SHOOTING》バズーカ,ジャンバリ,未調査
JBメンバーズ・タレント来店,ジャンバリ,未調査
ジャンバリ広告,ジャンバリ,未調査
ジャンバリ魂,ジャンバリ,未調査
実戦来店 ジャンバリTV,ジャンバリ,未調査
《SHOOTING》スナイパーライフル,ジャンバリ,特定末尾番台に全④⑤⑥
収録 静香&マリアのななはん,ジャンバリ,特になし
JBメンバーズ来店,ジャンバリ,誰が来るかは不明
パチンコ&スロット全機種調査団,ジャンバリ,全機種全台対象(公約無し)
スサノオ,ジャンバリ,"スロ全体10％以上に設定456投入
　　　+3台以上1機種以上に全台設定456"
アマテラス,ジャンバリ,"スロット設置台数の10%が
　　　設定4以上"
GOGOスロット,ジャンバリ,ジャグラーが狙い目(公約なし)
収録 ガリのり,ジャンバリ,ジャグラーが狙い目
Aプロジェクト,ジャンバリ,Aタイプコーナー対象
ゴールデン インフィニティー,ジャンバリ,"6号機の各機種(3台以上設置)
　　　に1台以上設定④⑤⑥を投入"
《SHOOTING》マシンガン,ジャンバリ,5台以上の機種に全56を投入
《SHOOTING》Wバズーカ,ジャンバリ,"4台以上設置機種に全⑤⑥を
　　　2機種以上投入"
スタレポ,ジャンバリ,"4台以上設置機種に
　　　　全台設定6が複数投入"
スタレポNEO,ジャンバリ,"3台設置以上の機種1機種以上に
　　　全台設定⑥投入"
メガオロチ,ジャンバリ,"3台以上設置機種の2機種
　　　が全台設定5以上"
ギガオロチ,ジャンバリ,3台以上設置3機種以上に全台設定56
寺やる!,スクープTV,来店実践
真・執念取材,スクープTV,不明　教えてください
裏頂天,スクープTV,番長シリーズに設定5を1/5以上
カチ盛りターゲット,スクープTV,"対象機種に設定6を1台以上投入
　　　※対象機種は要HP確認"
俺のスロット,スクープTV,"対象機種（最大で5機種）の
　　　1/3以上に設定456を投入"
打ちごろ!,スクープTV,全体の10%以上が設定⑤⑥
フルスピン,スクープTV,"全⑥を1機種以上投入
　　　対象は3台以上設置の機種"
BASH COMBO,スクープTV,前日高設定の据置き
BURST,スクープTV,設定⑤⑥が5台並び 設置2箇所以上
THE K1NG of スクープ!,スクープTV,赤字営業
Dokiレポ,スクープTV,沖ドキシリーズが狙い目
百機良乱,スクープTV,バラエティー設定456を1/3以上投入
俺のパチンコ,スクープTV,パチンコ特定機種(HP参照)
ドカ積みドリーム,スクープTV,パチンコ取材
弦朧ノ契,スクープTV,バジシリーズに設定456を1/3以上
ジャグレポ,スクープTV,ジャグラーシリーズが狙い目
ダイナマイトスロット,スクープTV,HPに対象機種があるので要確認
カチ盛りドリーム,スクープTV,"3台以上設置機種に
　　　全台設定6を1機種以上"
カチ盛りドリーム 初開催,スクープTV,"3台以上設置機種に
　　　全台設定6を1機種以上"
エニグマ,スクープTV,3台以上の2機種以上が設定⑤⑥
エニグマ 初開催,スクープTV,3台以上の2機種以上が設定⑤⑥
ギガニャントロス,スクープTV,2台設置以上の3機種が全台設定56
VIP,スクープTV,1/3以上が設定456
もっくんのスロっちょ！,スクープTV,未調査
スロット日報潜入調査＆中山来店,スロット日報,不明 知ってる人教えてください
スロパチ潜入取材 結,スロパチ,未調査
スロパチ潜入取材メガテン,スロパチ,番長3と絆2がチャンス?3台並びも◎
スロパチ潜入取材 メガテン,スロパチ,"番長3,絆2に6台並びで設定56投入
　　　その他並びで3か所に高設定投入"
スロパチ潜入取材メガテン,スロパチ,"番長3,絆2に6台並びで設定56投入
　　　その他並びで3か所に高設定投入"
スロパチ潜入取材 トレジャー,スロパチ,特定の台番の末尾に105%以上
とれまる×スロパチ取材 トレジャー,スロパチ,特定の台番の末尾に105%以上
あつまる×スロパチ取材,スロパチ,"等価で10割,非等価で11,2割営業"
あつまる応援地区,スロパチ,"等価で10割,非等価で11,2割営業"
スロパチ潜入取材,スロパチ,"等価で10割,非等価で11,2割営業"
かたまる応援地区,スロパチ,着ぐるみ来店なし
かたまる応援地区,スロパチ,着ぐるみ来店なし
とれまる応援地区,スロパチ,着ぐるみ来店なし
ぱちまる応援地区,スロパチ,着ぐるみ来店なし
いそまる来店実践,スロパチ,赤字営業(バラエティに入りやすい)
よしき来店実践,スロパチ,"赤字営業(かなり強い)
　　　番長3が高設定が入りやすい"
かたまる×スロパチ取材 結,スロパチ,"高設定が6台並びで投入
　　　200台なら3箇所,400台なら6箇所"
かたまる×スロパチ取材結,スロパチ,"高設定が6台並びで投入
　　　200台なら3箇所,400台なら6箇所"
かたまる応援地区,スロパチ,"高設定が6台並びで投入
　　　200台なら3箇所,400台なら6箇所"
スロパチ潜入取材 結,スロパチ,"高設定が6台並びで投入
　　　200台なら3箇所,400台なら6箇所"
スロパチ潜入取材結,スロパチ,"高設定が6台並びで投入
　　　200台なら3箇所,400台なら6箇所"
れんじろう来店実践,スロパチ,パチンコ2BOXボーダー+2以上
じゃんじゃん来店実践×スロパチ取材光,スロパチ,"パチンコ2BOXがボーダー＋2以上
　　ジャグラーシリーズが全体出率102%以上"
じゃんじゃん来店実践,スロパチ,パチンコ2BOXがボーダー＋2以上
ぱちまる襲来,スロパチ,パチンコ2BOXがボーダー＋2以上
スロパチ潜入取材 光,スロパチ,"ジャグラー系が102%以上で営業
　　　ジャグラー系最強クラスの取材"
スロパチ潜入取材 光,スロパチ,"ジャグラー系が102%以上で営業
　　　ジャグラー系最強クラスの取材"
スロパチ潜入取材光,スロパチ,"ジャグラー系が102%以上で営業
　　　ジャグラー系最強クラスの取材"
あつまる襲来,スロパチ,あつまるが来ると更に出率up
かたまる×スロパチ取材 結,スロパチ,"5,6台並びの設定⑤⑥が複数個所
　　　(設置200台→3か所,400台→6か所）"
スロパチ広告,スロパチ,"5,6台並びの設定⑤⑥が複数個所
　　　(設置200台→3か所,400台→6か所）"
スロパチ潜入取材結,スロパチ,"5,6台並びの設定⑤⑥が複数個所
　　　(設置200台→3か所,400台→6か所）"
ガチプロたちの挽歌,スロマガ,来店実践
スロマガ超ユーザーリサーチ,スロマガ,未調査
突撃回胴取材         スロマガ,スロマガ,未調査
萌スロcollection,スロマガ,萌スロシリーズが狙い目
スロマガ超インパクト取材,スロマガ,全台系が少なくとも5機種は設置
R30 ★★★★,ゼロノス,ジャグラーシリーズが狙い目の模様
夢幻 夢戦,チーム夢戦,北斗無双が対象になる
夢幻 ,チーム夢戦,不明 知ってる人教えてください
でちゃう来店 GIN,でちゃう,来店実践
でちゃう来店 こしあん,でちゃう,来店実践
でちゃう来店 ピスタチオ田中,でちゃう,来店実践
でちゃう来店 ぽぽ,でちゃう,来店実践
でちゃう来店 大原まい,でちゃう,来店実践
でちゃう来店 葉月,でちゃう,来店実践
でちゃう来店 鈴木優梨,でちゃう,来店実践
でちゃう来店 櫻井れな,でちゃう,来店実践
でちゃう来店ピスタチオ田中,でちゃう,来店実践
Amy取材 でちゃう,でちゃう,未調査
Amy取材でちゃう,でちゃう,未調査
テトスロ（でちゃう）,でちゃう,未調査
マジ活 でちゃう,でちゃう,未調査
中野連れ打ち,でちゃう,未調査
回胴アンケ,ニコナナ,列や3台以上の機種で全台系
さくたまの夢と日常【収録】,ニコナナ,来店実践
S級スロッター,ニコナナ,不明 知ってる人教えてください
ギャラクティカ,ニコナナ,不明
ホル調,パチ7,不明 知ってる人教えてください
熱盛アンケート,パチスロ熱盛(@zPLie1cOUYtF6sW),
必勝本ライター来店 クボンヌ,パチスロ必勝本,来店実践
必勝本ライター来店 ノリオ,パチスロ必勝本,来店実践
必勝本ライター来店 ヒラヤマン,パチスロ必勝本,来店実践
必勝本ライター来店 射駒タケシ,パチスロ必勝本,来店実践
必勝本ライター来店 松真ユウ,パチスロ必勝本,来店実践
必勝本ライター来店 青山りょう,パチスロ必勝本,来店実践
必勝本ライター来店 椎名まいたけ,パチスロ必勝本,来店実践
必勝本ライター来店 辻ヤスシ,パチスロ必勝本,来店実践
必勝本ライター来店 天草ヤスヲ,パチスロ必勝本,来店実践
必勝本ライター来店 梅屋シン,パチスロ必勝本,来店実践
必勝本ライター来店 美原アキラ,パチスロ必勝本,来店実践
必勝本ライター来店 嵐,パチスロ必勝本,来店実践
必勝本ライター来店情報,パチスロ必勝本,来店実践
Dokyun!,パチスロ必勝本,未調査
カンタ君入荷 必勝本,パチスロ必勝本,未調査
BUZZ!,パチスロ必勝本,半6が4機種
BUZZ! 関東,パチスロ必勝本,半6が4機種
Zukyun!,パチスロ必勝本,"特定末尾に設定56が投入
　　　（等価の場合は設定456）"
Zukyun DUO,パチスロ必勝本,特定の末尾に高設定投入
ズキュン！デュオ,パチスロ必勝本,特定の末尾に高設定投入
Bakyun!スケールO,パチスロ必勝本,"台番号5台以上並びで
　　　　高設定が8箇所以上"
Bakyun!トレス,パチスロ必勝本,設定⑤⑥の3台並びが5箇所以上
DiCE,パチスロ必勝本,"⑥台以上の設置機種から
　　　2機種以上がオール設定"
S-Bakyun!,パチスロ必勝本,5台並びで設定456が複数箇所
S-Bakyun!トレス,パチスロ必勝本,5台並びで設定456が複数箇所
Bakyun!スケールL,パチスロ必勝本,5台並びで7〜8箇所が全④⑤⑥
Bakyun!スケールX,パチスロ必勝本,5台並びで10か所に全⑤⑥
Bakyun!,パチスロ必勝本,"５台以上並びで設定６が
　　　２ヵ所以上設置(台数で変化)"
Bakyun!&,パチスロ必勝本,"５台以上並びで設定６が
　　　２ヵ所以上設置(台数で変化)"
ZEN 禅,パチスロ必勝本,3台以上の機種に全56あり
インパクト取材 パチマガスロマガ,パチスロ必勝本,３台以上の機種で設定⑥×3箇所以上
ゆり姉実践,フリー,不明 知ってる人教えてください
ゆり姉来店,フリー,不明 知ってる人教えてください
ホールサーチマン ,ホールサーチマン,予想人数の多さで察してください
ホールサーチマン 予想人数多い,ホールサーチマン,未調査
ホールサーチマン 金色,ホールサーチマン,サーチマンHP上の3機種が狙い目
ホールサーチマン 赤色,ホールサーチマン,サーチマンHP上の3機種が狙い目
ホールサーチマン 虹色,ホールサーチマン,サーチマンHP上の3機種が狙い目
GOTO神奈川,ホール攻略,未調査
GOTO神奈川 初開催,ホール攻略,未調査
ゴン予想（みんパチ）,ホール攻略,未調査
スロッタースロッター広告,ホール攻略,未調査
ネテロ会長予想（みんパチ予想）,ホール攻略,未調査
パチンカー×パチンカー 初開催,ホール攻略,"パチンコ2機種以上で分岐営業
　　　対象機種はHP要確認"
パチンカー×パチンカー広告,ホール攻略,未調査
パチンカー×パチンカー,ホール攻略,"パチンコ2機種以上で分岐営業
　　　対象機種はHP要確認"
パチンカー×パチンカー,ホール攻略,"パチンコ2機種以上で分岐営業
　　　対象機種はHP要確認"
スロッター×パチンカー,ホール攻略,スロッター×2とパチンカー×2の同時開催
スロッター×パチンカー 初開催,ホール攻略,スロッター×2とパチンカー×2の同時開催
スロッター×スロッター,ホール攻略,4つの公約が存在。要HPチェック
スロッター×スロッター 初開催,ホール攻略,4つの公約が存在。要HPチェック
スロッター×スロッター広告,ホール攻略,4つの公約が存在。要HPチェック
エンジェル来店,リーチエンジェル,来店
パチスロ確定演出!?ハンター,一撃,対象機種が確定系が出る機種
俺好み,一撃,バラエティに3台並びが2箇所
TARGET,一撃,Aタイプに一機種以上全台系
双龍,一撃&DMM,4台構成以上の機種に高設定を2箇所投入
ぱちタウンエンジェルス,一撃✖️DMM,未調査
双龍連,一撃✖️DMM,未調査
双龍玉 ,一撃✖️DMM,パチンコ2BOXが対象？
双龍玉,一撃✖️DMM,パチンコ2BOXが対象
回胴連,回胴連,回胴連
フラッシュ feat.JOKER,娯楽の殿堂,未調査
フラッシュ feat.KING,娯楽の殿堂,未調査
フラッシュ feat.QUEEN,娯楽の殿堂,"ジャグラーシリーズの特定末尾の
　　　台番号に全台高設定を投入"
フラッシュ取材,娯楽の殿堂,ジャグラー6台に高設定投入
グランドオープン 1日目,新装,グランドオープン
グランドオープン 2日目,新装,グランドオープン
グランドオープン 3日目,新装,グランドオープン
グランドオープン 4日目,新装,グランドオープン
グランドオープン 5日目,新装,グランドオープン
グランドオープン 6日目,新装,グランドオープン
グランドオープン 7日目,新装,グランドオープン
近隣の旧イベ 7のつく日対抗日,対抗,近隣の店舗を要チェック
近隣の旧イベ ゾロ目の日対抗日,対抗,近隣の店舗を要チェック
近隣の旧イベ 毎月 25日対抗日,対抗,近隣の店舗を要チェック
苦愛取材～4番は俺だ！,天草ヤスヲ,来店実践
苦愛取材～4番は俺だ！ 初,天草ヤスヲ,来店実践
苦愛収録,天草ヤスヲ,来店実践
天草ヤスヲ稼働予定,天草ヤスヲ,来店実践
ちゅんげーリサーチ 初,天草ヤスヲ,未調査
ちゅんげー,天草ヤスヲ,"パネル,列,機種単位が全台系が複数"
ちゅんげーリサーチ,天草ヤスヲ,"パネル,列,機種単位が全台系が複数"
ブッコミデータまとめ！,天草ヤスヲ,"パネル,列,機種単位が全台系が複数"
ブッコミ実戦調査,天草ヤスヲ,"パネル,列,機種単位が全台系が複数"
コンプリート,日雇いホール,月一の集大成イベントの模様
エリアV,日雇いホール,バラエティ3台並びで高設定投入
エリアA,日雇いホルアド,Aタイプ機種に全台系
ぱちレポ 爆ガチ!,爆ガチ！,未調査
百裂神拳レポートＳＬＯＴ,爆ガチ！,北斗シリーズが狙い目
無双世紀末レポート,爆ガチ！,北斗シリーズが狙い目
オンリー１ホールレポート,爆ガチ！,不明 知ってる人教えてください
スロレポ 爆ガチ!,爆ガチ！,不明 知ってる人教えてください
パーフェクトパチンコ,爆ガチ！,不明 知ってる人教えてください
優良店の店内移動レポート 爆ガチ,爆ガチ！,不明 知ってる人教えてください
低ガチ!,爆ガチ！,低貸しが対象
聖戦士９０％オーバーレポート,爆ガチ！,大工の源さんが狙い目の取材
源界突破レポート 爆ガチ,爆ガチ！,大工の源さんが狙い目
玄武レポート『塊』,爆ガチ！,設定⑤⑥2台以上並びの塊を2ヵ所以上
デジャブレポート,爆ガチ！,高設定据置示唆
遊ぱちレポート,爆ガチ！,甘デジが対象
リニューアルオープンレポート,爆ガチ！,リニューアル専用取材
魔法少女レポート ,爆ガチ！,まどマギシリーズが狙い目
魔法少女レポート スロット取材,爆ガチ！,まどかマギカシリーズが狙い目
海レポート,爆ガチ！,パチンコ大海物語が対象
ジャグペカッレポート,爆ガチ！,ジャグラーシリーズが狙い目
フラッシュスクープ,爆ガチ！,ジャグラーシリーズが狙い目
ペカリ全国一斉取材,爆ガチ！,ジャグラーシリーズが狙い目
週末GOGOレポート,爆ガチ！,ジャグラーシリーズが狙い目
暴走パチンコレポート,爆ガチ！,"エヴァシリーズ（パチンコ）
　　　1/3以上で回るっぽい"
暴走スロットレポート,爆ガチ！,"エヴァシリーズ（スロット）
　　　1/3以上で高設定投入"
トレジャーボックス,爆ガチ！,BOX単位で高設定が複数
ギガヴェルデクス レポート,爆ガチ！,3台以上設置機種に3箇所設定56投入
爆スロ 赤色,爆スロ,未調査
爆スロ 全,爆スロ,全台形が複数箇所存在
爆スロ 光,爆スロ,ジャグラーが対象の模様
爆スロ 連,爆スロ,4台並びで複数箇所存在(機種またぎ有り)
タレント来店 ,不明,来店実践
番組収録,不明,来店実践
実戦来店,不明,未調査
カグツチ,不明,不明 知ってる人教えてください
メテオス,不明,不明 知ってる人教えてください
動画収録,不明,動画収録
実践収録,不明,誰かの来店
実践来店,不明,誰かの来店
並ばせ屋が診る!,並ばせ屋,"全台設定⑥を2機種
　　　もしくは2箇所（列）"
TEAM NEKOMIMI うみのいくら,未調査,来店実践
ガチまめのり収録,未調査,来店実践
ティナ来店,未調査,来店実践
ホームランなみち 来店,未調査,来店実践
収録 おっさんずスロ,未調査,来店実践
収録 ジャンバリ悪魔化計画,未調査,来店実践
収録 たま嵐,未調査,来店実践
収録 井の中のエース,未調査,来店実践
収録 王庭伝説,未調査,来店実践
収録 黒バラ,未調査,来店実践
「zentz」収録,未調査,未調査
「特別番組」収録,未調査,未調査
Aタイプアタック取材 爆ガチ,未調査,未調査
BLACK OR WHITEレポート ブラックオアホワイトレポート,未調査,未調査
BLUE RESORTパチンコレポート,未調査,未調査
Boom Boom Boom,未調査,未調査
CHANGE取材,未調査,未調査
CHANGE取材,未調査,未調査
cottonCandy取材,未調査,未調査
CRUSH クラッシュスロットレポート,未調査,未調査
DJレポート,未調査,未調査
HAHAHAHAレポート,未調査,未調査
ＨＡＮＡレポート,未調査,未調査
Jジャッジ～煌めき～,未調査,未調査
KING GOLDEN JACK,未調査,未調査
KING OF PACHINKO,未調査,未調査
KING OF SLOT,未調査,未調査
P-1,未調査,未調査
PAKYUN,未調査,未調査
Pakyun!,未調査,未調査
PRIDE,未調査,未調査
Re:レポから始める徹底取材,未調査,未調査
REAL取材OMEGA,未調査,未調査
REAL取材OMEGA,未調査,未調査
REAL取材OMEGA,未調査,未調査
Rena来店,未調査,未調査
S-1,未調査,未調査
SPLASH取材 ,未調査,未調査
SPX,未調査,未調査
SuperStar翔,未調査,未調査
Zukyun! 初開催,未調査,未調査
アニバーサリージャック,未調査,未調査
アニバーサリーレポート,未調査,未調査
インスタフラグ,未調査,未調査
ウタツミ,未調査,未調査
えーやん！レポート,未調査,未調査
オロチ JANBARI取材NEXT,未調査,未調査
ガチャレポサーチ,未調査,未調査
ギガサンダー,未調査,未調査
ギドラ,未調査,未調査
ギルド,未調査,未調査
キングオブホール2021season1〜満足度徹底取材〜,未調査,未調査
キングフラッシュジャックレポート,未調査,未調査
クズの恩返し,未調査,未調査
クラウンレフェリーx,未調査,未調査
グランドオープン 4日目,未調査,未調査
ゴールデン スロット,未調査,未調査
ゴールデン パチンコ,未調査,未調査
ゴールデンNARABU,未調査,未調査
ゴールデンウィーク全国優良店レポート,未調査,未調査
ゴールデンライラプス,未調査,未調査
コス×プレイ,未調査,未調査
コスプレホロスコープ,未調査,未調査
コスプレホロスコープ【並び】,未調査,未調査
こだわりスロバラレポート,未調査,未調査
サプライズスロッター,未調査,未調査
サンクチュアリ,未調査,未調査
シーサーペント,未調査,未調査
シーサーペントOVER,未調査,未調査
ジャグリング取材 ,未調査,未調査
ジャックセカンド取材,未調査,未調査
スコーピオン取材 アツ盛,未調査,未調査
スコーピオン取材 アツ盛,未調査,未調査
スタージャッジ,未調査,未調査
すろいぬレポート更新日,未調査,未調査
スロスタ取材!!,未調査,未調査
スロ道我流,未調査,未調査
ダブジャ 初開催,未調査,未調査
ダブルスナイプ,未調査,未調査
チバクエスト,未調査,未調査
ツクヨミ,未調査,未調査
デジャヴ,未調査,未調査
でちゃう来店 サトシーニョ,未調査,未調査
でちゃう来店 マカロン,未調査,未調査
デビルレボリューション,未調査,未調査
どうかしちゃってるホールをレポート,未調査,未調査
ドキＤＯＫＩレポート,未調査,未調査
ドドンパ,未調査,未調査
トライブくん占い,未調査,未調査
トリプルスリー,未調査,未調査
どんパチ,未調査,未調査
どんパチ10,未調査,未調査
どんぱち5,未調査,未調査
ニューウェーブ,未調査,未調査
ネコミミTV うみのいくら来店,未調査,未調査
ネコミミTV ヒラヤマン来店,未調査,未調査
ノムラ貯メダルで100万貯めるってよ【収録】,未調査,未調査
バースト スクープTV,未調査,未調査
バーニングスロット,未調査,未調査
パーフェクトスロット,未調査,未調査
バキュン&,未調査,未調査
ハズセレ,未調査,未調査
ハズセ連れ打ち,未調査,未調査
パチスロの刃,未調査,未調査
ぱちんこミドルレポート,未調査,未調査
ぱちんこライトミドルレポート,未調査,未調査
パチンコ魂,未調査,未調査
ハッスルハンターズ,未調査,未調査
バディ&バディ,未調査,未調査
ハナレポ,未調査,未調査
バハムートレポート 爆ガチ,未調査,未調査
ハヤタ君と漫画実戦,未調査,未調査
バラ色浪漫,未調査,未調査
ビーストホールレポート,未調査,未調査
ヒラヤマン来店,未調査,未調査
ファン感謝デー 爆ガチ!,未調査,未調査
プラツー,未調査,未調査
フレアレポート,未調査,未調査
ペカラブ,未調査,未調査
ペルセウス,未調査,未調査
ペルセウス,未調査,未調査
メガトンパンチ,未調査,未調査
メガフレアレポート,未調査,未調査
メガ取材,未調査,未調査
ヤスヲとガッキーのウォンテッド調査 初,未調査,未調査
ヤスヲとガッキーのバーサス取材,未調査,未調査
ゆーり先生来店,未調査,未調査
よしき来店,未調査,未調査
よっしーのナリフリ構ワズ 弐ノ章,未調査,未調査
よっしーの前ノリ!!,未調査,未調査
ライジングサン,未調査,未調査
リニューアルレポート,未調査,未調査
リフレッシュレポート取材 爆ガチ,未調査,未調査
りゅーこバナー,未調査,未調査
れあこいん,未調査,未調査
れおアンケート,未調査,未調査
れおアンケート,未調査,未調査
ロイヤルスナイプ,未調査,未調査
ローテーション取材,未調査,未調査
ローテーション取材 7days,未調査,未調査
ワールドレコードパチンコレポート,未調査,未調査
ワイルドスロット,未調査,未調査
絢爛華麗,未調査,未調査
炎玉取材,未調査,未調査
王庭伝説出演,未調査,未調査
沖スロレポート,未調査,未調査
回胴 STRIKE,未調査,未調査
怪盗大泥棒レポートＰＡＣＨＩＮＣＯ,未調査,未調査
開眼憧術レポート,未調査,未調査
漢気コレクション,未調査,未調査
究PACHINKO,未調査,未調査
究SLOT,未調査,未調査
極PACHINKO,未調査,未調査
極SLOT,未調査,未調査
謹賀新年 新春特別レポート,未調査,未調査
傾奇者レポート,未調査,未調査
決闘英雄,未調査,未調査
原点回帰 全国優良ホールレポート,未調査,未調査
厳選バラエティ取材,未調査,未調査
虎イデント,未調査,未調査
佐藤雅美実践,未調査,未調査
自由打夢,未調査,未調査
執念レポート,未調査,未調査
実地調査,未調査,未調査
収録 BORDER LINE2,未調査,未調査
瞬速取材,未調査,未調査
瞬速取材,未調査,未調査
女神っしょん,未調査,未調査
松本バッチの回胴Gスタイル,未調査,未調査
松本バッチの今日も朝から全ツッパ!,未調査,未調査
松本バッチ来店,未調査,未調査
湘南之沖取材,未調査,未調査
笑う門には福きたる,未調査,未調査
笑う門には福きたる,未調査,未調査
笑う門には福きたる 初開催,未調査,未調査
笑う門には福きたる 初開催,未調査,未調査
新台レポート 爆ガチ!,未調査,未調査
新闘竜門 来店ver,未調査,未調査
森咲智美 来店,未調査,未調査
真愛取材,未調査,未調査
真双龍,未調査,未調査
真相Liveレポ,未調査,未調査
神様!仏様!視聴者様!,未調査,未調査
聖域Ⅰ,未調査,未調査
聖母降臨 じゃんじゃん,未調査,未調査
絶唱レポート,未調査,未調査
全台全機種潜入取材,未調査,未調査
太鼓半,未調査,未調査
太鼓半,未調査,未調査
太鼓半 初,未調査,未調査
大都レポート,未調査,未調査
大闘竜門 来店ver,未調査,未調査
大闘竜門SP,未調査,未調査
探究取材,未調査,未調査
注目店特集,未調査,未調査
頂-ITADAKI-,未調査,未調査
頂チャンネル,未調査,未調査
辻りん来店,未調査,未調査
低スロレポート,未調査,未調査
低ぱちレポート,未調査,未調査
低貸マジレポ,未調査,未調査
天下無双,未調査,未調査
天使降臨 じゃんじゃん,未調査,未調査
都美 来店,未調査,未調査
討伐剥ぎ取りレポート,未調査,未調査
特ダネハンターSLOT,未調査,未調査
特光野郎!Aチーム,未調査,未調査
突撃取材 BASHtv,未調査,未調査
突撃弾球取材,未調査,未調査
熱盛アンケート,未調査,未調査
熱帯低機アツ,未調査,未調査
覇王降臨,未調査,未調査
波ヲレポ,未調査,未調査
波乗り調査隊,未調査,未調査
八代将軍振舞レポート 爆ガチ,未調査,未調査
必勝本ライター来店 KEN蔵,未調査,未調査
百裂神拳レポートPACHINKO,未調査,未調査
萌えジャックNEO,未調査,未調査
萌えスロレポート,未調査,未調査
萌えパチレポート,未調査,未調査
本日の逸品,未調査,未調査
魔法憧術スペシャルレポート,未調査,未調査
万太郎,未調査,未調査
勇者の奇跡,未調査,未調査
有頂天,未調査,未調査
遊タイムパチンコレポート 爆ガチ!,未調査,未調査
予想屋広告,未調査,未調査
妖回胴中記収録 てつ,未調査,未調査
葉月あや 来店,未調査,未調査
裏頂レポート,未調査,未調査
裏店長セイヤ来店実践,未調査,未調査
㐂々塊々,未調査,未調査
押忍！絶頂レポート,未調査,番長シリーズに5が入る
ゼロかられぽーと,未調査,リゼロが狙い目
ユニバレポート,未調査,ユニバ機種が狙い目
バラエティコレクション,未調査,バラエティが狙い目
サミーレポート,未調査,サミー機種が狙い目
トリプルスター,未調査,
降臨シリーズ ヘラクレス,未調査,未調査
GOTOオフミー,未調査,未調査
フルハウス,未調査,未調査
スコーピオン取材 情熱の薔薇,未調査,未調査
執念取材,未調査,未調査
バーチャルLIVE 七色れあ,未調査,未調査
肉はこう焼く ヒレ,未調査,未調査
肉はこう焼く ランプ,未調査,未調査
ヤスヲとガッキーのテッペンリサーチ,未調査,未調査
でちゃう来店 まりえる,未調査,未調査
ゴトー神奈川,未調査,未調査
Dynamite取材,未調査,未調査
スコーピオン取材 八咫烏,未調査,未調査
スロットN,未調査,未調査
《SHOOTING》グレネードボム,未調査,未調査
アルティメットスロット,未調査,未調査
スロズバッ!!,未調査,未調査
サバイバルスロット,未調査,未調査
スロットLOGO_G,未調査,未調査
スロットZ_G,未調査,未調査
カマイタチ,未調査,未調査
スロットZ,未調査,未調査
朱雀レポート『全』,未調査,未調査
スロットHATENA,未調査,未調査
スロットN_G,未調査,未調査
ウロボロス,未調査,未調査
万パチミー取材,未調査,未調査
HEROES ROAD 英雄への道,未調査,未調査
パチンコP,未調査,未調査
ゴトー神奈川 パチンコ,未調査,未調査
ジャグズバッ!!,未調査,未調査
トルネード ズバット!!,未調査,未調査
Dynamite取材 一閃取材,未調査,未調査
Dynamite取材 乱舞取材,未調査,未調査
Limit Over,未調査,未調査
パチマガギガウォーズ,未調査,未調査
Dynamite取材 瞬速取材,未調査,未調査
スコーピオン取材 IMPERIAL BLUE,未調査,未調査
WILD GAME,未調査,未調査
降臨シリーズ トールハンマー×オーディン,未調査,未調査
低王リサーチ,未調査,未調査
Dynamite取材 マジ愛取材,未調査,未調査
スコーピオン取材 ALBATROSS,未調査,未調査
スコーピオン取材 天下一Q品,未調査,未調査
スコーピオン取材 IMPERIAL RED,未調査,未調査
煌★漢塾収録 あおい,未調査,未調査
Dynamite取材 CHANGE取材,未調査,未調査
Dynamite取材 ArmStrong,未調査,未調査
Dynamite取材 CHANGE取材,未調査,未調査
ボーダーズ,未調査,未調査
スロットJ,未調査,未調査
スロットO,未調査,未調査
Dynamite取材 真愛取材,未調査,未調査
ウシオフミー取材,未調査,未調査
ヤスヲとガッキーのウォンテッド調査,未調査,未調査
神レポート,未調査,未調査
 おじさん'sガチ 収録,未調査,未調査
スロットウォーリアーズ,未調査,未調査
アツ姫来店,未調査,未調査
ガリぞうとワサビの完先 収録,未調査,未調査
BLACK ANGELS ブラックエンジェルス,未調査,未調査
青龍レポート『並』,未調査,未調査
真船橋スロット,未調査,未調査
「債遊記」収録,未調査,未調査
おゆん,未調査,未調査
パチズバッ!!,未調査,未調査
ズバット!!真超頂 スロット,未調査,未調査
ズバット!!真超頂,未調査,未調査
シーサ。オフミー取材 初開催,未調査,未調査
でちゃう来店 夏生ひまり,未調査,未調査
満天☆STAR Vigor,未調査,未調査
スロットM,未調査,未調査
回胴連試合,未調査,未調査
肉はこう焼く テール,未調査,未調査
肉はこう焼く タン P,未調査,未調査
パチマガスロマガ広告,未調査,未調査
シーサ。オフミー取材,未調査,未調査
真・執念取材 初開催,未調査,未調査
ジョーカーズ,未調査,未調査
トリパチ,未調査,未調査
トリスタ,未調査,未調査
アナコンダ,未調査,未調査
ALL ROUND取材,未調査,未調査
満天☆STAR Kewl Ⅲ,未調査,未調査
フォーカード,未調査,未調査
ペカる★TV　たなちゅう来店,未調査,未調査
牙狼ズバッ!!,未調査,未調査
スコーピオン取材 カチ撮り,未調査,未調査
ウルトラレポート,未調査,未調査
Dynamite取材 ユアタイム取材,未調査,未調査
Dynamite取材 SPLASH取材,未調査,未調査
ゴールデンNARABU無双,未調査,未調査
リヴァイアサンレポート,未調査,未調査
突撃回胴取材	 スロマガ,未調査,未調査
海ズバッ!!,未調査,未調査
金狼魔戒レポート,未調査,未調査
波乗り全国一斉取材,未調査,未調査
潜入リアル実戦,未調査,未調査
来栖有紀実践,未調査,未調査
ゆり姉,未調査,未調査
シーナ。 gooパチ,未調査,未調査
豪腕 スロット,未調査,未調査
豪腕 パチンコ,未調査,未調査
ズバット!!DAYS スロット,未調査,未調査
ズバット!!DAYS パチンコ,未調査,未調査
ジャンヌダルクレポート,未調査,未調査
周年日 ★×0,未調査,未調査
スコーピオン取材 三重丸,未調査,未調査
周年日 ★×3,未調査,未調査
肉はこう焼く ロース,未調査,未調査
周年日 ★×5,未調査,未調査
肉はこう焼く ヒレ P,未調査,未調査
肉はこう焼く タン,未調査,未調査
堀江りほ実践,未調査,未調査
ガチ取材,未調査,未調査
プラチナライラプス,未調査,未調査
30 FLASH JACKレポート 爆ガチ,未調査,未調査
夢戦,未調査,未調査
ロイヤルストレートフラッシュ,未調査,未調査
スリーカード,未調査,未調査
七色れあを探さないでください 初開催,未調査,未調査
ウシオフミー取材 初,未調査,未調査
スコーピオン取材 Limit Over,未調査,未調査
サプライズスロッター 初開催,未調査,未調査
スロット魂,未調査,未調査
「白塗り城」,未調査,未調査
スコーピオン取材 RISING SUN,未調査,未調査
UPK,未調査,未調査
ゴトー神奈川 スロット,未調査,未調査
だんご取材NEXT,未調査,未調査
必勝本調査隊,未調査,未調査
でちゃう来店 あか姐,未調査,未調査
チャンピオンカーニバル,未調査,未調査
コンドル杯,未調査,未調査
パチンコNEW,未調査,未調査
スロットD,未調査,未調査
スロットS,未調査,未調査
スロットU,未調査,未調査
GOGOアタック‼レポート,未調査,未調査
スコーピオン取材 ダイアモンド,未調査,未調査
Dynamite取材 黄金取材,未調査,未調査
じゃんじゃん来店実践×スロパチ取材,未調査,未調査
スコーピオン取材 ALL ROUND取材,未調査,未調査
6号機スロットRUSHレポート取材,未調査,未調査
ドリームボックスチャレンジ レポート,未調査,未調査
ギガバハムート 爆ガチ,未調査,未調査
れんじろう,未調査,未調査
パチミーガール初開催,未調査,未調査
周年日 ★×1,未調査,未調査
プレミアムスナイパーズレポート,未調査,未調査
絶好調取材,未調査,未調査
萌えジャック,未調査,未調査
回胴連トライデント,未調査,未調査
回胴連トライデント,未調査,未調査
回胴連トライデント,未調査,未調査
トリスタ＋ プラス,未調査,未調査
トリスタ＋ プラス,未調査,未調査
ダブジャクエストNEO,未調査,未調査
ダブジャクエストneo,未調査,未調査
周年日 ★×2,未調査,未調査
周年日 ★×2,未調査,未調査
周年日 ★×4,未調査,未調査
クラウンレフェリー,未調査,未調査
zen卍,未調査,未調査
カチ盛りローテーション７,未調査,未調査
ゆき☆ドル,未調査,未調査
フェニックスラッシュ,未調査,未調査
ゴトー神奈川 パチンコ＆スロット,未調査,未調査
ストレートフラッシュ,未調査,未調査
お盆全国優良店レポート,未調査,未調査
スロマガ超インパクト取材SS,未調査,未調査
パチミーガール,未調査,未調査
ニュージェネレーション,未調査,未調査
ガチレポ 爆ガチ!,未調査,未調査
閃光α,未調査,未調査
GO TO HEVEN,未調査,未調査
PGD 爆ガチ,未調査,未調査
真PEAKレポートSLOT 2NDアタック,未調査,未調査
真PEAKレポートSLOT 2NDアタック,未調査,未調査
白虎レポート『末』,未調査,未調査
回胴無双,未調査,未調査
ちゅんげーチャレンジ,未調査,未調査
だんご取材ネクスト,未調査,未調査
だんご取材,未調査,未調査
re:取材,未調査,未調査
セレクト,未調査,未調査
一発入魂,未調査,未調査
サンキューDream,未調査,未調査
GOTOオフミーせんだ親子（初開催）,未調査,未調査
GOTOオフミーせんだ親子,未調査,未調査
北陸・甲信越 MAJIKA?,未調査,未調査
プレミアムジャンヌダルクレポート 爆ガチ,未調査,未調査
セレクトⅠ,未調査,未調査
一発入魂 P-mart,未調査,未調査
閃光,未調査,未調査
セレクトⅡ,未調査,未調査
収録 あおい,未調査,未調査
収録 てつ,未調査,未調査
収録 ヨースケ,未調査,未調査
新番組収録 ガット石神,未調査,未調査
やべしなホールをレポート ぱちんこコーナー取材,未調査,未調査
セレパチ,未調査,未調査
スコーピオン取材 DEADorALIVE,未調査,未調査
フラッシュ,未調査,未調査
スロットW,未調査,未調査
回胴連トライデント連,未調査,未調査
マキシマムスロッター,未調査,未調査
兎味ペロリナ スクープTV,未調査,未調査
超ガチ取材,未調査,未調査
神ガカリ,未調査,未調査
オフミー初取材,未調査,未調査
パチミー開催,未調査,未調査
肉はこう焼く カルビ,未調査,未調査
レインボークエスト,未調査,未調査
ホークアイ,未調査,未調査
ホールサーチマン 赤色 パチ,未調査,未調査
ホールサーチマン 赤色 パチ,未調査,未調査
ナツ美来店,未調査,未調査
的中屋ライブ予想日,未調査,未調査
肉はこう焼く イチボ P,未調査,未調査
肉はこう焼く カルビ P,未調査,未調査
ぱちかす女子大生。まろ。来店,未調査,未調査
緋弾のレポート,未調査,未調査
BIOREPORT バイオレポート,未調査,未調査
モンキーレポート,未調査,未調査
頭文字REPORT イニシャルレポート,未調査,未調査
屋台来店,未調査,未調査
屋台来店,未調査,未調査
長野 MAJIKA?,未調査,未調査
プレミアムガチ取材,未調査,未調査
でちゃう来店 髭原人,未調査,未調査
ハズセリサーチ,未調査,未調査
真ツクヨミ,未調査,未調査
MAJIKA?,未調査,未調査
MAJIKA?,未調査,未調査
MAJIKA?,未調査,未調査
MAJIKA?,未調査,未調査
MAJIKA?,未調査,未調査
MAJIKA?,未調査,未調査
MAJIKA?,未調査,未調査
MAJIKA?,未調査,未調査
MAJIKA?,未調査,未調査
MAJIKA?,未調査,未調査
MAJIKA?,未調査,未調査
MAJIKA?,未調査,未調査
顔のマーク,未調査,未調査
アナライズスクープ!,未調査,未調査
DASH MAN,未調査,未調査
でちゃう来店 真白桃乃,未調査,未調査
妖-あやかし- あおい,未調査,未調査
MAGA LEAGUE収録,未調査,未調査
ジャックランタン,未調査,未調査
妖-あやかし- ガット石神,未調査,未調査
妖-あやかし- ヨースケ,未調査,未調査
TRI,未調査,未調査
えりぴんく来店,未調査,未調査
黒バラの極意,未調査,未調査
そに玉,未調査,未調査
パチレボα,未調査,未調査
でちゃう来店 にゃんぱす.,未調査,未調査
トリスタメンバー来店,未調査,未調査
パチレボβ,未調査,未調査
そにま,未調査,未調査
ドラマスティックチャンス,未調査,未調査
だぶパチ取材,未調査,未調査
でちゃう来店 ちんぱん,未調査,未調査
Sナビ,未調査,未調査
あゆみなな来店,未調査,未調査
るり嬢のスロジョ日記,未調査,未調査
漢気,未調査,未調査
ナツ美 来店,未調査,未調査
ナツ美 来店,未調査,未調査
フルスピードジャッジ,未調査,未調査
B-girls来店,未調査,未調査
ゲスト来店 トリプルスター,未調査,未調査
SLOT SONIC -スロソニ- 2NDアタック,未調査,未調査
ゆきひこ来店,未調査,未調査
ユニーク,未調査,未調査
萌えラッシュ,未調査,未調査
銀炎取材,未調査,未調査
開眼アタック‼レポート,未調査,未調査
PPP,未調査,未調査
ゴールデン ズバット!!,未調査,未調査
セレクトⅢ,未調査,未調査
枢木あおい来店,未調査,未調査
でちゃう来店 ももせみくる,未調査,未調査
1gametvファン感謝デー,未調査,未調査
1gametvファン感謝デー,未調査,未調査
1gametvファン感謝デー,未調査,未調査
1gametvファン感謝デー,未調査,未調査
1gametvファン感謝デー,未調査,未調査
ぱちんこインパクト取材,未調査,未調査
セレハナ,未調査,未調査
諸積ゲンズブール 来店,未調査,未調査
だんご取材ネクストR,未調査,未調査
だんご取材セレクトR,未調査,未調査
だんご取材ネオ:,未調査,未調査
ナポレオン,未調査,未調査
ナポレオン,未調査,未調査
松本バッチの今日も朝から全ツッパ！ evolution,未調査,未調査
THE新台入替,未調査,未調査
THE新台入替,未調査,未調査
実戦来店 寺井一択,未調査,未調査
拳激突-ガチンコ-,未調査,未調査
魔法少女レポート,未調査,未調査
機動戦士レポート,未調査,未調査
覚醒取材,未調査,未調査
セレスロ,未調査,未調査
だんご取材ネオR,未調査,未調査
フェアスロ,未調査,未調査
四暗刻 全国優良ホールレポート,未調査,未調査
大戦略会議ライブ予想日,未調査,未調査
パチンコ取材・収録予定,未調査,未調査
Re PLAY取材,未調査,未調査
塊ロックオン,未調査,未調査
どた・ばた子,未調査,未調査
ボーダーふくをさがせ!,未調査,未調査
女神降臨,未調査,未調査
りゅーこ＆ぎょくりゅーこ,未調査,未調査
帝王降臨 じゃんじゃん,未調査,未調査
ぎょくりゅーこ,未調査,未調査
りゅーこ,未調査,未調査
だぶスロ取材,未調査,未調査
水月桃子来店,未調査,未調査
シンクロ取材,未調査,未調査
最速スピードパチンコ取材,未調査,未調査
チーム分析 パチスロ,未調査,未調査
こだわり分析 パチスロ,未調査,未調査
 ライン分析,未調査,未調査
チーム分析 パチンコ,未調査,未調査
ここみん×スロッター,未調査,未調査
ランプスロッター,未調査,未調査
その他来店,未調査,未調査
エース分析,未調査,未調査
やべんじゃーず赫,未調査,未調査
やべんじゃーず蒼,未調査,未調査
とりスロ,未調査,未調査
ちりめんじゃこ太さん来店,未調査,未調査
碧葉さち来店,未調査,未調査
真月取材,未調査,未調査
姫神,未調査,未調査
セレフラ,未調査,未調査
Dynamite取材 撮りドキ取材,未調査,未調査
ＺＺスロパチンカー,未調査,未調査
ＺＺスロパチンカー,未調査,未調査
ＺＺスロパチンカー,未調査,未調査
ＺＺスロパチンカー,未調査,未調査
ＺＺスロッター,未調査,未調査
ギガパチトロス,未調査,未調査
全体分析,未調査,未調査
肉はこう焼く イチボ P×3,未調査,未調査
軍神降臨,未調査,未調査
超球収録,未調査,未調査
ヤスパチリサーチ,未調査,未調査
小宇宙ペガサスレポート,未調査,未調査
Pこしあんの設定なんてしーらない,未調査,未調査
オパールレポート,未調査,未調査
パールレポート,未調査,未調査
和珠来店,未調査,未調査
スクープTV番組収録 パチンコ,未調査,未調査
閉店チャンスGirls,未調査,未調査
肉はこう焼く イチボ P×２,未調査,未調査
メガパチヴァラーハ,未調査,未調査
せせりくん来店,未調査,未調査
頂きレポ,未調査,未調査
ジェムレポ ダイヤモンド,未調査,未調査
ジェムレポ ダブルエメラルド,未調査,未調査
ジェムレポ ダブルルビー,未調査,未調査
ジェムレポ パール,未調査,未調査
光るん×スロッター,未調査,未調査
超ぎょくりゅーこ,未調査,未調査
《SHOOTING》ショットガン,未調査,未調査
《SHOOTING》スリングショット,未調査,未調査
SP分析 パチンコ,未調査,未調査
SP分析 パチンコ,未調査,未調査
ぎょくりゅーこ広告,未調査,未調査
レビンの俺の台しゃべくり実戦,未調査,未調査
覚醒デストロイレポート,未調査,未調査
Re:レポから始めるパチンコ取材,未調査,未調査
歌姫来舞レポート 爆ガチ!,未調査,未調査
りちゃのすけ来店,未調査,未調査
漢オフミー取材 with 嶋大輔 初開催,未調査,未調査
BASHFIGHT特別編,未調査,未調査
全館分析,未調査,未調査
プレミアム×パチンカー,未調査,未調査
りゅーこ＆ぎょくりゅーこ広告,未調査,未調査
超りゅーこ広告,未調査,未調査
かたまる×スロパチ潜入取材 結,未調査,未調査
トリプルロード取材,未調査,未調査
四神 超朱雀,未調査,未調査
でちゃう来店 かおりん,未調査,未調査
鬼サタ,未調査,未調査
パチンコの流儀,未調査,未調査
EXTRA6,未調査,未調査
阿波みなみ来店,未調査,未調査
あしなっくす,未調査,未調査
ぱちレポ,未調査,未調査
グランプリ取材,未調査,未調査
ぱちα取材,未調査,未調査
プレミアムパチセウス,未調査,未調査
スロットの流儀,未調査,未調査
アップデート取材,未調査,未調査
ケースポイント取材,未調査,未調査
漢オフミー取材 with 嶋大輔,未調査,未調査
ニューフェイス取材,未調査,未調査
初のマーク,未調査,未調査
パチトロス,未調査,未調査
スーパージャックライト,未調査,未調査
真スロッター,未調査,未調査
Re:パチから始める鬼レポート,未調査,未調査
きゅいんch 来店,未調査,未調査
狙え究極の探究心,未調査,未調査
狙え究極の探究心,未調査,未調査
マスターオブパチンコ,未調査,未調査
特ダネハンターPACHINKO,未調査,未調査
ジェムレポ オパール,未調査,未調査
LINE,未調査,未調査
ZONE,未調査,未調査
もっくん来店,未調査,未調査
その日、最も盛り上がった光景を取材する,未調査,未調査
ゆっきー来店,未調査,未調査
T・レックスXXX,未調査,未調査
はなれ技,未調査,未調査
パチンコ&スロット低貸し取材,未調査,未調査
P5-海運 ゲッツ‼,未調査,未調査
GET'S REPORT,未調査,未調査
ドキドキ取材 ゲッツ,未調査,未調査
スパジャッジ ガーベライエロー,未調査,未調査
GET'S REPORT,未調査,未調査
GET'S REPORT,未調査,未調査
H time,未調査,未調査
GET'S REPORT,未調査,未調査
閃光乱華 ゲッツ!!,未調査,未調査
GET'S REPORT,未調査,未調査
H time,未調査,未調査
ズバスロ,未調査,未調査
P★1取材,未調査,未調査
P5-海運 ゲッツ‼,未調査,未調査
P5-海運 ゲッツ‼,未調査,未調査
GET'S REPORT,未調査,未調査
鮮魚レポート,未調査,未調査
スパジャッジPLUS,未調査,未調査
楽パチ,未調査,未調査
GET'S REPORT,未調査,未調査
三重リサーチ,未調査,未調査
GET'S REPORT,未調査,未調査
S★1取材,未調査,未調査
ドキドキ取材 ゲッツ,未調査,未調査
華笠取材,未調査,未調査
P5-海運 ゲッツ‼,未調査,未調査
スーパーロボット大戦取材,未調査,未調査
Hリゾートスロットウィークレポート,未調査,未調査
地域密着KING OFホール取材,未調査,未調査
楽パチ,未調査,未調査
萌え萌えリポート,未調査,未調査
スーパーロボット大戦取材,未調査,未調査
P5-海運 ゲッツ‼,未調査,未調査
フラッシュマスター取材,未調査,未調査
厳選取材 アメスロ,未調査,未調査
GET'S REPORT,未調査,未調査
スロットバラエティーリポート,未調査,未調査
甘デジRUSH取材,未調査,未調査
ART取材 ゲッツ!!,未調査,未調査
KKK取材,未調査,未調査
ワンピース～ひとつなぎの取材～,未調査,未調査
ほしまみ来店,未調査,未調査
でちゃぱち!砲取材,未調査,未調査
ロイヤルストレートフラッシュ取材,未調査,未調査
七色れあを探さないでください,未調査,未調査
固め技,未調査,未調査
ギガキマイラ,未調査,未調査
ガンバレ30‼,未調査,未調査
特売 ゲッツ!!,未調査,未調査
プレミアムジャンヌダルク アメスロ,未調査,未調査
パーフェクトパチンコ アメスロ,未調査,未調査
東海エリアの名物ホールを調査!!,未調査,未調査
ゲッツ!!サーティー,未調査,未調査
世紀末取材,未調査,未調査
バハムートレポート,未調査,未調査
ぱちレポ アメスロ,未調査,未調査
トリプルZ,未調査,未調査
K,未調査,未調査
モリピ,未調査,未調査
トリプルZ,未調査,未調査
新取材六カ条,未調査,未調査
超うれし〜さ〜取材,未調査,未調査
萌じゃこ太,未調査,未調査
沖天の高みへ,未調査,未調査
スロパチ広告 黒,未調査,未調査
PSGT,未調査,未調査
でちゃう来店 めぐぅ,未調査,未調査
PSGT,未調査,未調査
東海 偉人伝 にこぽん,未調査,未調査
ド・ノーマルなお姉さん,未調査,未調査
PSGT,未調査,未調査
琉球舞踊,未調査,未調査
ズバスロA,未調査,未調査
ロングラン取材,未調査,未調査
低王RESEARCH 銀,未調査,未調査
会員募集開始・整理券配布の可能性有 3日目,未調査,未調査
タイガーアックス,未調査,未調査
とあるパチンコの取材レポ,未調査,未調査
暴走MISSION取材,未調査,未調査
でちゃう来店 とみのはな,未調査,未調査
大航海取材 ゲッツ!!,未調査,未調査
ゲッツ!!コラボ取材,未調査,未調査
ゲッツ!!コラボ取材,未調査,未調査
特売会 ゲッツ!!,未調査,未調査
魔戒リポート,未調査,未調査
あめちゃん来店,未調査,未調査
ゲッツ!!コラボ取材,未調査,未調査
魔戒リポート,未調査,未調査
ゲッツ!!コラボ取材,未調査,未調査
ハナ娘取材,未調査,未調査
ゲッツ!!コラボ取材,未調査,未調査
ゲッツ!!コラボ取材,未調査,未調査
華見撮りレポート,未調査,未調査
ゲッツ!!コラボ取材,未調査,未調査
魔戒リポート,未調査,未調査
魔戒リポート,未調査,未調査
Get'sTV,未調査,未調査
ゲッツ!!ガール来店,未調査,未調査
ゲッツ!!コラボ取材,未調査,未調査
ゲッツ!!コラボ取材,未調査,未調査
ゲッツ!!コラボ取材,未調査,未調査
ゲッツ!!コラボ取材,未調査,未調査
魔戒リポート,未調査,未調査
アメスロ30レポート,未調査,未調査
華麗なる取材,未調査,未調査
高嶺の花男さん,未調査,未調査
ガールズ来店,未調査,未調査
うれし～さ～取材,未調査,未調査
ジャックランタンOVER,未調査,未調査
スパジャッジちょっちゅねぇ,未調査,未調査
でちゃう!砲 第二弾,未調査,未調査
情熱のバラ取材,未調査,未調査
まなみん来店,未調査,未調査
鉄カバ,未調査,未調査
どえらいいくわ2DAYS,未調査,未調査
キセルレポート,未調査,未調査
七星パチンコレポート,未調査,未調査
アニバーサリーレポート アメスロ,未調査,未調査
東海わちゃわちゃ会,未調査,未調査
スパジャッジ黄金キシャ,未調査,未調査
東海わちゃわちゃ会,未調査,未調査
ねじはち,未調査,未調査
エースを狙え！,未調査,未調査
ブレイクリポート,未調査,未調査
GPM降臨,未調査,未調査
トロピカルスポット,未調査,未調査
ズバパチ,未調査,未調査
沖プロ取材,未調査,未調査
スパジャッジnifty5!!,未調査,未調査
才華ホール取材,未調査,未調査
スパジャッジ東海名物SP,未調査,未調査
必勝本広告 水色500以上,未調査,未調査
トレジャーミッション,未調査,未調査
トリプルジャッジ,未調査,未調査
スロットライブ,未調査,未調査
でら真剣な意見を聞かせてくれ!,未調査,未調査
型破りパチ取材,未調査,未調査
トリプルジャッジ,未調査,未調査
スパジャッジ30取材,未調査,未調査
スパ満開WEB実践来店!!,未調査,未調査
HiTension取材,未調査,未調査
でちゃう！ガールズ来店,未調査,未調査
プラチナNARABU無双,未調査,未調査
リアルモンスタークロス,未調査,未調査
覚醒デストロイレポート アメスロ,未調査,未調査
ツインズ ,未調査,未調査
森あやこ来店 パチンコウォーカー,未調査,未調査
スパジャッジ東海名物,未調査,未調査
P5-拳闘 ゲッツ‼,未調査,未調査
スパジャッジ東海名物,未調査,未調査
こだわりぱちバラレポート アメスロ,未調査,未調査
薔薇レポ,未調査,未調査
ゼンカイリポート,未調査,未調査
スパジャッジDouble,未調査,未調査
サンライズ~昇華の訪れ~,未調査,未調査
神速乱舞,未調査,未調査
プレミアムスナイプ,未調査,未調査
サバイバルハンター収録,未調査,未調査
もも,未調査,未調査
五星獣広告 アルデバラン,未調査,未調査
五星獣広告 スピカ,未調査,未調査
光分析,未調査,未調査
リアルモンスター零,未調査,未調査
モンスターレコード,未調査,未調査
ギガヴェルデクス レポート アメスロ,未調査,未調査
萌パチレポート,未調査,未調査
萌えスロレポート アメスロ,未調査,未調査
プレミアム ゴールデン スロット KING.ver,未調査,未調査
ライト徹底潜入期間,未調査,未調査
一級稼働貢献士秋山通りまーす,未調査,未調査
ほぼ三十路女の演出フルコンプ,未調査,未調査
ENJOY四天王を探せ!,未調査,未調査
スパジャッジ アンケート取材,未調査,未調査
MMM,未調査,未調査
FUTURE取材,未調査,未調査
MONSTERBALL,未調査,未調査
MONSTERBALL,未調査,未調査
P固まっているか聞かせてくれ,未調査,未調査
使徒、襲来レポート 爆ガチ! ,未調査,未調査
P5-神速 ゲッツ‼,未調査,未調査
四日市王座取材,未調査,未調査
低ぱちレポート アメスロ,未調査,未調査
メガフレアレポート アメスロ,未調査,未調査
もちつもたれつ,未調査,未調査
痛烈な批判を聞かせてくれ,未調査,未調査
打ちたい台が固まっているか聞かせてくれ,未調査,未調査
でら打ちたい台が固まっているか聞かせてくれ!,未調査,未調査
でちゃMe!取材,未調査,未調査
マイノリティ取材,未調査,未調査
朱雀レポート,未調査,未調査
ワールドパチンコレポート,未調査,未調査
Pでらでら真剣な意見を聞かせてくれ!!,未調査,未調査
やっぱサイタマ!!!,未調査,未調査
あしゅら広告,未調査,未調査
真剣な意見を聞かせてくれ,未調査,未調査
全力ガチ,未調査,未調査
真神降臨,未調査,未調査
ホームランダービー,未調査,未調査
ホームランダービー,未調査,未調査
ホームランダービー,未調査,未調査
ホームランダービー,未調査,未調査
ホームランダービー,未調査,未調査
ホームランダービー,未調査,未調査
ホームランダービー,未調査,未調査
ホームランダービー,未調査,未調査
花笠取材,未調査,未調査
フラッシュスクープ アメスロ,未調査,未調査
ぱちんこミドルレポート アメスロ,未調査,未調査
東海 午後から,未調査,未調査
moripi,未調査,未調査
メガパチ 必勝本,未調査,未調査
Dynamite取材 シンクロ取材,未調査,未調査
Dynamite取材 覚醒取材,未調査,未調査
特大ホームラン,未調査,未調査
潜入ミラクル アメスロ,未調査,未調査
パチンコ ミドルリポート,未調査,未調査
SP分析 パチスロ,未調査,未調査
ぎがとぅーでくすレポート,未調査,未調査
スパジャッジ,未調査,未調査
エース小吉来店,未調査,未調査
でかまる,未調査,未調査
魔法ちゃん来店,未調査,未調査
エース小吉来店,未調査,未調査
エース小吉来店,未調査,未調査
超モンスターレコード取材,未調査,未調査
メモリージャック,未調査,未調査
ウミ娘取材,未調査,未調査
スロ子&パチ子来店,未調査,未調査
必勝本広告 ピンク色750以上,未調査,未調査
CRS,未調査,未調査
河原みのり来店,未調査,未調査
河原みのり来店,未調査,未調査
オールスター取材 でちゃう！,未調査,未調査
P真剣な意見を聞かせてくれ,未調査,未調査
ガールズエクストリームゲームス,未調査,未調査
全ツ873,未調査,未調査
でちゃう来店 電飾鼻男,未調査,未調査
スパジャッジ ガーベラブルー,未調査,未調査
近隣の旧イベ 毎月 28日対抗日,未調査,未調査
GREATスロッター,未調査,未調査
GREATスロッター,未調査,未調査
GREATスロッター,未調査,未調査
GREATスロッター,未調査,未調査
GREATスロッター,未調査,未調査
GREATスロッター,未調査,未調査
GREATスロッター,未調査,未調査
GREATスロッター,未調査,未調査
合同のマーク,未調査,未調査
合同のマーク,未調査,未調査
Dynamite取材 暴走MISSION取材,未調査,未調査
バンザイ遊パチ取材,未調査,未調査
ゴールデンウルフレポート,未調査,未調査
Aレポート アメスロ,未調査,未調査
GOLD Dinosaur,未調査,未調査
GOLD Dinosaur,未調査,未調査
GOLD Dinosaur,未調査,未調査
BUZZ light,未調査,未調査
ナツぱち,未調査,未調査
スナイパーズレポート アメスロ,未調査,未調査
アニバーサリージャックOVER,未調査,未調査
ズバスロ３０,未調査,未調査
EE-ZONE取材,未調査,未調査
妖-あやかし あおい,未調査,未調査
P-ZONE,未調査,未調査
インパクト取材 パチマガスロマガじゃんじゃん,未調査,未調査
ねじり技,未調査,未調査
最速スピードパチンコ取材  アメスロ,未調査,未調査
独壇場,未調査,未調査
Dynamite取材 マリスポ取材,未調査,未調査
五神獣広告 青龍,未調査,未調査
p1リーグ,未調査,未調査
近隣の旧イベ 毎月 1日対抗日,未調査,未調査
奇天烈,未調査,未調査
一角獣取材,未調査,未調査
むっちゃWAKUWANA!,未調査,未調査
スパドキ取材!!,未調査,未調査
ギガバハムート アメスロ,未調査,未調査
スパジャッジユニット!!,未調査,未調査
TUR,未調査,未調査
Pでらでらでら真剣な意見を聞かせてくれ,未調査,未調査
遊ぱちレポート アメスロ,未調査,未調査
エースをねらえ!,未調査,未調査
玉の輿！スパジャッジ取材!!,未調査,未調査
プレミアムスナイパーズ アメスロ,未調査,未調査
必勝本広告 黒,未調査,未調査
必勝本広告 黒,未調査,未調査
ジェムレポ ダブルパール,未調査,未調査
Dynamite取材 鬼ざかり取材,未調査,未調査
もりぴー,未調査,未調査
マチ予想（みんパチ）,未調査,未調査
マチ予想（みんパチ）,未調査,未調査
よろしくアカドック,未調査,未調査
五星獣広告 シリウス,未調査,未調査
ゴールデンヒュドラ,未調査,未調査
GOGO取材,未調査,未調査
UPC,未調査,未調査
真×スロッター,未調査,未調査
ヴェルデクス レポート アメスロ,未調査,未調査
スパジャッジ ガーベラレッド,未調査,未調査
ハイクラスNO1！スパジャッジ取材!!,未調査,未調査
シーサ。オフミー 初開催,未調査,未調査
PGD アメスロ,未調査,未調査
スロットオンリー1レポート アメスロ,未調査,未調査
四暗刻 全国優良ホールレポート四暗刻 アメスロ,未調査,未調査
アドリブスロパチンカー,未調査,未調査
寿司投げ,未調査,未調査
P-EXTRA,未調査,未調査
奇天烈W,未調査,未調査
妖-あやかし- てつ,未調査,未調査
ツインロード取材,未調査,未調査
鬼パチンコレポート,未調査,未調査
頂レポート,未調査,未調査
鬼パチンコレポート,未調査,未調査
gogo!スパジャッジ!!,未調査,未調査
Dynamite取材 湘南之沖取材,未調査,未調査
ぱちタウンBOOST,未調査,未調査
ワンオーセブン,未調査,未調査
THE・でちゃう！,未調査,未調査
CWC,未調査,未調査
CWC,未調査,未調査
CWC,未調査,未調査
CWC,未調査,未調査
CWC,未調査,未調査
CWC,未調査,未調査
CWC,未調査,未調査
プラチナヒュドラ（アツ姫）,未調査,未調査
GEN界突破パチンコレポート,未調査,未調査
Pでら真剣な意見を聞かせてくれ,未調査,未調査
四神青龍,未調査,未調査
バーベルチャレンジ,未調査,未調査
ホームランボール,未調査,未調査
ホームランボール,未調査,未調査
ホームランボール,未調査,未調査
ホームランボール,未調査,未調査
ホームランボール,未調査,未調査
ホームランボール,未調査,未調査
ホームランボール,未調査,未調査
ホームランボール,未調査,未調査
道化してる取材,未調査,未調査
パチ嬢みき来店,未調査,未調査
銀玉でる美来店,未調査,未調査
すろかすドラマー来店,未調査,未調査
しゃんぷー来店,未調査,未調査
二刀流取材,未調査,未調査
真KINGOVER,未調査,未調査
東海エリアの名物ホールを調査!!プレミアム,未調査,未調査
パチンコ物語取材,未調査,未調査
美女と野獣,未調査,未調査
真×パチンカー,未調査,未調査
元気の源調査隊,未調査,未調査
でちゃう!ラリー,未調査,未調査
X来店,未調査,未調査
X来店,未調査,未調査
トリパチSP,未調査,未調査
ブッコミデータカラー 青,未調査,未調査
超ぎょくりゅーこ広告,未調査,未調査
そりゃいくわ!取材,未調査,未調査
東海 そりゃいくわ!取材,未調査,未調査
低貸マジレポ アメスロ,未調査,未調査
近隣の旧イベ 毎月 19日対抗日,未調査,未調査
共闘戦線パチスロード,未調査,未調査
ぷる澤ぷる実来店,未調査,未調査
ガルム,未調査,未調査
P痛烈な批判を聞かせてくれ,未調査,未調査
P痛烈な批判を聞かせてくれ,未調査,未調査
四神白虎,未調査,未調査
天上天下取材,未調査,未調査
天上天下取材,未調査,未調査
Pミレニアム,未調査,未調査
M アツ姫,未調査,未調査
みんレポ広告,未調査,未調査
使徒VS覚醒 ハイパーロボットレポート,未調査,未調査
王者の威光FLASH,未調査,未調査
ヒストリージャック,未調査,未調査
GOP,未調査,未調査
収録 パチマガスロマガじゃんじゃん,未調査,未調査
真RedRabbit,未調査,未調査
満開ガチガールズ実践来店!!,未調査,未調査
Pレミアム！スパジャッジ取材!!,未調査,未調査
SLOT GGG,未調査,未調査
めろりん実践取材,未調査,未調査
スクープTV番組収録 スロット,未調査,未調査
来店企画,未調査,未調査
肉はこう焼く ライス,未調査,未調査
でちゃう来店 チリ微糖,未調査,未調査
志築杏里来店 でちゃう,未調査,未調査
スロットZ 緑/赤,未調査,未調査
五星獣広告 ベテルギウス,未調査,未調査
りちゃのすけ来店 スロ6,未調査,未調査
サラマンダーZ,未調査,未調査
Pでら固まっているか聞かせてくれ,未調査,未調査
NEOパチ,未調査,未調査
Pモンスターレコード取材RUSH,未調査,未調査
でちゃう来店 ゼッツ木村,未調査,未調査
FLASH HUNTER,未調査,未調査
大気圏突破,未調査,未調査
大気圏突破,未調査,未調査
スロレポ アメスロ,未調査,未調査
PモンスターレコードSEAson2022,未調査,未調査
スロ6実戦来店予定,未調査,未調査
りちゃのスロッター,未調査,未調査
THE潜入BASH,未調査,未調査
アドリブパチンカー,未調査,未調査
プレースタイル取材,未調査,未調査
超パチンコ取材,未調査,未調査
GWドラフト会議,未調査,未調査
GWドラフト会議,未調査,未調査
GWドラフト会議,未調査,未調査
GWドラフト会議,未調査,未調査
GWドラフト会議,未調査,未調査
GWドラフト会議,未調査,未調査
GWドラフト会議,未調査,未調査
GWドラフト会議,未調査,未調査
メガヴァラーハ,未調査,未調査
スリーカード取材,未調査,未調査
Let‘ｓスロパチンカー,未調査,未調査
Let‘ｓスロパチンカー,未調査,未調査
プレミアムワンロード,未調査,未調査
Let‘ｓスロッタースロッター,未調査,未調査
Let‘ｓスロッタースロッター,未調査,未調査
GREAT!×スロッター,未調査,未調査
GREAT!×スロッター,未調査,未調査
GREAT!×スロッター,未調査,未調査
GREAT!×スロッター,未調査,未調査
GREAT!×スロッター,未調査,未調査
GREAT!×スロッター,未調査,未調査
GREAT!×スロッター,未調査,未調査
GREAT!×スロッター,未調査,未調査
ヒラメキ,未調査,未調査
やべんじゃーず碧,未調査,未調査
やべんじゃーず碧,未調査,未調査
無限,未調査,未調査
無限,未調査,未調査
兎味ペロリナ来店,未調査,未調査
？のマーク,未調査,未調査
シーサ。来店 アロウズスクリーン,未調査,未調査
シーサ。来店 アロウズスクリーン,未調査,未調査
ぱちバラレポート 爆ガチ,未調査,未調査
DFP,未調査,未調査
SEASON！スパジャッジ取材!!,未調査,未調査
極セレスロ,未調査,未調査
好機べる来店,未調査,未調査
デジャブレポート アメスロ,未調査,未調査
【収録】全ツシリーズ,未調査,未調査
とこなっつ,未調査,未調査
光線取材,未調査,未調査
Hリゾートスロットレポート,未調査,未調査
PKO,未調査,未調査
R1500S取材,未調査,未調査
メガドキュメンタリー,未調査,未調査
Dechau!Project,未調査,未調査
ドキレポ,未調査,未調査
超HiTension取材,未調査,未調査
パチジャック,未調査,未調査
高級食パン販売会,未調査,未調査
1ぱちドリーム取材,未調査,未調査
ガチレポフルハウス 紫,未調査,未調査
プロセス,未調査,未調査
GoToFlash取材,未調査,未調査
パチミー開催 BBオフ会,未調査,未調査
最光取材NEXT,未調査,未調査
梅屋シン gooパチ,未調査,未調査
パチンコ全力突撃取材,未調査,未調査
EPIC30リポート,未調査,未調査
肉はこう焼く ロース P,未調査,未調査
遊レポート,未調査,未調査
魔界Report,未調査,未調査
ハナまる探検隊,未調査,未調査
でらでら真剣な意見を聞かせてくれ!,未調査,未調査
ドリスロ：3台並び 初開催,未調査,未調査
オーバー・ザ・トップ,未調査,未調査
来店収録 Space Creator TV,未調査,未調査
道JOE破り,未調査,未調査
memorialM,未調査,未調査
memorialM,未調査,未調査
超 Re PLAY取材,未調査,未調査
マジノリ,未調査,未調査
パチンコZ 金,未調査,未調査
パチンコZ,未調査,未調査
ＰＰＰ！スパジャッジ,未調査,未調査
群雄割拠,未調査,未調査
ガチレポスリーカード 黄,未調査,未調査
GREAT!×パチンカー,未調査,未調査
GREAT!×パチンカー,未調査,未調査
GREAT!×パチンカー,未調査,未調査
GREAT!×パチンカー,未調査,未調査
GREAT!×パチンカー,未調査,未調査
真ジャッジメント,未調査,未調査
ワサビ来店,未調査,未調査
栄耀栄華スパジャッジ,未調査,未調査
オリスロS,未調査,未調査
木村魚拓来店,未調査,未調査
ハブとマングース,未調査,未調査
王様伝説,未調査,未調査
王様伝説,未調査,未調査
王様伝説,未調査,未調査
王様伝説,未調査,未調査
トリプラツー,未調査,未調査
ヤマスロ,未調査,未調査
いずみん来店,未調査,未調査
めおしざこ来店,未調査,未調査
ぱちレポJ,未調査,未調査
シンクロREPORT,未調査,未調査
一角獣Report,未調査,未調査
沖花レポート,未調査,未調査
飛ばせ!最玉,未調査,未調査
オリスロ,未調査,未調査
ウルトラリポート,未調査,未調査
サードライン,未調査,未調査
やべんじゃーず黑,未調査,未調査
ジャグBUZZZZN,未調査,未調査
ねず美のパチスロ来店,未調査,未調査
SEVEN WALKER,未調査,未調査
TRIPLEK,未調査,未調査
TRIPLEK,未調査,未調査
LoZ,未調査,未調査
Pでらでら固まっているか聞かせてくれ,未調査,未調査
平常営業注意予報,未調査,未調査
ガチレポエース,未調査,未調査
裏Let‘ｓスロパチンカー,未調査,未調査
嵐来店,未調査,未調査
どうよ！？取材,未調査,未調査
どうよ！？取材,未調査,未調査
ギガパチ,未調査,未調査
ジャックレポート,未調査,未調査
エース発掘隊,未調査,未調査
たまにはEじゃん,未調査,未調査
APチャンネル来店,未調査,未調査
新台レポート アメスロ,未調査,未調査
降臨シリーズ アテナ,未調査,未調査
Zukyun!トレス,未調査,未調査
チムドンドン,未調査,未調査
四神玄武,未調査,未調査
四神朱雀,未調査,未調査
電撃取材,未調査,未調査
四神 超玄武,未調査,未調査
スーパースター煌,未調査,未調査
諸積ゲンズブール来店,未調査,未調査
ドリスロ（オキドキ・チバリヨ）,未調査,未調査
WORLDSTANDARD,未調査,未調査
でちゃう来店 麦芽ちゃん,未調査,未調査
虹キラ隊長来店,未調査,未調査
スロットF,未調査,未調査
ジュラシックインパクト,未調査,未調査
スロットCROWN,未調査,未調査
ガチレポジャック,未調査,未調査
極ブラック取材,未調査,未調査
オフミー 嶋大輔来店,未調査,未調査
プロスロ13 APチャンネル ,未調査,未調査
でら痛烈な批判を聞かせてくれ！,未調査,未調査
夏海 来店,未調査,未調査
ドリスロ：ジャグラー 初開催,未調査,未調査
パチミー取材 BBver,未調査,未調査
WINGコロシアム取材,未調査,未調査
WINGコロシアム取材,未調査,未調査
いなベーション実戦,未調査,未調査
スパジャッジ漢気調査ライジング!!,未調査,未調査
P HiTension取材,未調査,未調査
ワールドインパクト,未調査,未調査
十の盟約,未調査,未調査
ドリスロ：ジャグラー・ハナハナ,未調査,未調査
ドリスロ：ジャグラー・ハナハナ,未調査,未調査
ドリスロ：ジャグラー・ハナハナ,未調査,未調査
ドリームライン,未調査,未調査
ナナテーション,未調査,未調査
ナナテーション,未調査,未調査
ナナテーション,未調査,未調査
ナナテーション,未調査,未調査
ナナテーション,未調査,未調査
ナナテーション,未調査,未調査
必勝本グッズ入荷,未調査,未調査
暴走取材,未調査,未調査
覚醒取材 ,未調査,未調査
電撃×スロッター,未調査,未調査
フルスロットル取材,未調査,未調査
暴走取材,未調査,未調査
覚醒取材 ,未調査,未調査
華取材,未調査,未調査
覚醒取材 ,未調査,未調査
鬼ばかり取材,未調査,未調査
暴走取材,未調査,未調査
暴走取材,未調査,未調査
花笠取材 ,未調査,未調査
華取材,未調査,未調査
低王RESEARCH IMPACT,未調査,未調査
エピソードオブS-序章,未調査,未調査
魚は焼かない サンマ,未調査,未調査
極セレパチ,未調査,未調査
豪華絢爛!傾いて候,未調査,未調査
ドキドキ取材 ,未調査,未調査
才華欄発スパジャッジ!!,未調査,未調査
万パチミー取材 初開催,未調査,未調査
Pでらでらでら固まっているか聞かせてくれ,未調査,未調査
虎とスロは友を呼ぶ,未調査,未調査
赤道小町,未調査,未調査
デカ取材,未調査,未調査
デカ取材,未調査,未調査
WORLDSTANDARD金version,未調査,未調査
感謝してます‼取材,未調査,未調査
ジャックライト,未調査,未調査
裏店長広告 黒,未調査,未調査
パチンコR,未調査,未調査
ペカリのスロは友を呼ぶ,未調査,未調査
ピカリ取材,未調査,未調査
琉球舞踊OVER,未調査,未調査
FIVE STAR,未調査,未調査
姫乃りか来店,未調査,未調査
REPO取材,未調査,未調査
でちゃう来店 まいまろ。,未調査,未調査
でちゃう来店 まいまろ。,未調査,未調査
でちゃう来店 まいまろ。,未調査,未調査
海人取材 ,未調査,未調査
漢気取材 ,未調査,未調査
アメイジング７,未調査,未調査
ぱぁすけど本命シール販売,未調査,未調査
アメイジング７,未調査,未調査
アメイジング７,未調査,未調査
四神P青龍烈jr,未調査,未調査
全のスロは友を呼ぶ,未調査,未調査
煌玉取材,未調査,未調査
撮影取材	 パチマガスロマガ,未調査,未調査
ダンゴNEXT取材,未調査,未調査
橘リノ,未調査,未調査
APチャンネル来店収録,未調査,未調査
Ultra collection,未調査,未調査
波光バトル取材,未調査,未調査
波光バトル取材,未調査,未調査
ドリスロ：ジャグラー・ハナハナ 初開催,未調査,未調査
こだわり分析 パチンコ,未調査,未調査
機動力調査隊,未調査,未調査
男の華道,未調査,未調査
華麗なるOVER,未調査,未調査
AceOVER,未調査,未調査
剛腕打,未調査,未調査
源点海起,未調査,未調査
低機ATSUストリーム,未調査,未調査
裏店長広告 緑,未調査,未調査
並びのぱちは友を呼ぶ,未調査,未調査
ノムラ、100万勝ちたいってよ！,未調査,未調査
収録来店 ジャンバリTV,未調査,未調査
極源Report,未調査,未調査
UTR,未調査,未調査
封印されしホルスの右腕,未調査,未調査
パチ7の「パチンコ調査」,未調査,未調査
スコーピオン取材 ド・ニーチ取材,未調査,未調査
Revengers取材,未調査,未調査
裏店長広告 黄,未調査,未調査
ブンバボー,未調査,未調査
裏店長広告 茶,未調査,未調査
周年攻略指南,未調査,未調査
攻略指南,未調査,未調査
周年取材 ゲッツ!!,未調査,未調査
周年取材 ゲッツ!!,未調査,未調査
超あしゅら広告,未調査,未調査
封印されしホルスの左腕,未調査,未調査
神谷玲子 来店,未調査,未調査
裏店長広告 紫,未調査,未調査
眩い光は友を呼ぶ,未調査,未調査
魚は焼かない P中トロ,未調査,未調査
魚は焼かない キス,未調査,未調査
でらでら打ちたい台が固まっているか聞かせてくれ!,未調査,未調査
和珠のてくてくパチンコ道,未調査,未調査
昇天取材,未調査,未調査
ハナスロ30,未調査,未調査
ドリスロ：オキドキ・チバリヨ,未調査,未調査
ジャイロ来店,未調査,未調査
白鳥みゆ来店,未調査,未調査
BBP,未調査,未調査
ガチレポエース 光,未調査,未調査
社会の窓,未調査,未調査
頂点回帰,未調査,未調査
並びのスロは友を呼ぶ,未調査,未調査
超ごっつ取材,未調査,未調査
なるぱち取材,未調査,未調査
はねバト取材,未調査,未調査
ダブルプレミアムスナイプ,未調査,未調査
はねバト取材,未調査,未調査
はねバト取材,未調査,未調査
はねバト取材,未調査,未調査
星のパチは友を呼ぶ,未調査,未調査
スロットH,未調査,未調査
JACK HUNTING,未調査,未調査
HAPPYMAGIC,未調査,未調査
KOK,未調査,未調査
魚は焼かない P中落ち,未調査,未調査
封印されしホルスの右足,未調査,未調査
ロックスター,未調査,未調査
ビジジャグ,未調査,未調査
低王RESEARCH 金,未調査,未調査
FIVESTAR,未調査,未調査
千客万来スパジャッジ!!,未調査,未調査
エピソードオブSP-覚醒,未調査,未調査
スコーピオン取材 珠玉取材,未調査,未調査
はなまる取材〜O〜,未調査,未調査
はなまる取材〜H〜,未調査,未調査
五神獣広告 白虎,未調査,未調査
最光取材極,未調査,未調査
最光取材極,未調査,未調査
最光取材極,未調査,未調査
最光取材極,未調査,未調査
最光取材極,未調査,未調査
最光取材極,未調査,未調査
最光取材極,未調査,未調査
最光取材極,未調査,未調査
最光取材極,未調査,未調査
最光取材極,未調査,未調査
最光取材極,未調査,未調査
最光取材極,未調査,未調査
最光取材極,未調査,未調査
最光取材極,未調査,未調査
でちゃう！砲ちむどんどん,未調査,未調査
スパジャッジ沖天の勢い!!,未調査,未調査
神谷玲子来店,未調査,未調査
超・寿司投げ,未調査,未調査
データまとめ予定日,未調査,未調査
萌玉取材,未調査,未調査
シバター パチンコ,未調査,未調査
求道者取材,未調査,未調査
海賊王Report,未調査,未調査
VIVA！×スロッター,未調査,未調査
やっぱチバ!!!,未調査,未調査
VIVA！×スロッター,未調査,未調査
あんバターサンド,未調査,未調査
ウルトラコレクション,未調査,未調査
ULTIMATE SLOT,未調査,未調査
はなまる取材 マルっとWAVE,未調査,未調査
五神獣広告 黄龍,未調査,未調査
七色れあを探さないでください〜ぱちんこに挑戦!!してみた〜,未調査,未調査
お盆だよ!特大ホームラン,未調査,未調査
お盆だよ!特大ホームラン,未調査,未調査
七色れあを探さないでください〜ぱちんこに挑戦!!してみた〜,未調査,未調査
七色れあを探さないでください〜ぱちんこに挑戦!!してみた〜,未調査,未調査
七色れあを探さないでください〜ぱちんこに挑戦!!してみた〜,未調査,未調査
お盆だよ!特大ホームラン,未調査,未調査
七色れあを探さないでください〜ぱちんこに挑戦!!してみた〜,未調査,未調査
お盆だよ!特大ホームラン,未調査,未調査
お盆だよ!特大ホームラン,未調査,未調査
お盆だよ!特大ホームラン,未調査,未調査
七色れあを探さないでください〜ぱちんこに挑戦!!してみた〜,未調査,未調査
お盆だよ!特大ホームラン,未調査,未調査
お盆だよ!特大ホームラン,未調査,未調査
東海でちゃう広告,未調査,未調査
遊×スロパチンカー,未調査,未調査
遊×スロパチンカー,未調査,未調査
はなまる取材〜C〜,未調査,未調査
紅葉 くれは来店,未調査,未調査
ハイサーイ沖スロ!!,未調査,未調査
30ΦでBIG30回光らせるまで帰れません！,未調査,未調査
レッツパチンコ,未調査,未調査
とある店舗の出玉Report,未調査,未調査
Pラチナムスパジャッジ,未調査,未調査
封印されしホルスの左足,未調査,未調査
必勝本広告 ピンク,未調査,未調査
黄金の牙を持つ者を探せ！,未調査,未調査
結束の刻（真紅）,未調査,未調査
裏店長広告 銀,未調査,未調査
1パチDREAM取材,未調査,未調査
天下繫栄-HALFSPARKING,未調査,未調査
人気のパチは友を呼ぶ,未調査,未調査
シーサ。オフミー,未調査,未調査
海皇取材,未調査,未調査
ドリームローテーション取材,未調査,未調査
TEAMオーロラ取材～極光帯を求めて～,未調査,未調査
貫通~新時代の幕開け~,未調査,未調査
イナズマ広告 黄緑,未調査,未調査
イナズマ広告 ピンク,未調査,未調査
イナズマ広告 赤,未調査,未調査
イナズマ広告 黒,未調査,未調査
TSURANUKI,未調査,未調査
中野六区の完走マン,未調査,未調査
新企画,未調査,未調査
イナズマ広告 青,未調査,未調査
ウイングコロシアム取材,未調査,未調査
ウイングコロシアム取材,未調査,未調査
シーサ。収録,未調査,未調査
暴走覚醒,未調査,未調査
絶好頂取材,未調査,未調査
ハナガサ,未調査,未調査
スコーピオン取材 団結の刻 翠緑,未調査,未調査
プレミアムジャッジメントP,未調査,未調査
プレミアムジャッジメントS,未調査,未調査
P-超HiTension取材,未調査,未調査
P-超HiTension取材,未調査,未調査
TAG-1 GRAND PRIX,未調査,未調査
裏店長広告 蛇,未調査,未調査
光輝取材,未調査,未調査
裏店長広告 金,未調査,未調査
すろごっつ,未調査,未調査
ブッコミデータカラー 赤,未調査,未調査
五神獣広告 玄武,未調査,未調査
30 FLASH JACK,未調査,未調査
エピソードオブSP-終幕-,未調査,未調査
ドリスロ：パチンコ,未調査,未調査
シバター スロット,未調査,未調査
でちゃう!砲 第一弾,未調査,未調査
でちゃう来店 くるるぎ るる,未調査,未調査
でちゃう来店 くるるぎ るる,未調査,未調査
でちゃう来店 くるるぎ るる,未調査,未調査
ダイス6.5ver,未調査,未調査
Dダッシュ,未調査,未調査
ニコニコDD,未調査,未調査
スパガールズ来店,未調査,未調査
P打ちたい台が固まっているか聞かせてくれ！プレミアム,未調査,未調査
打ちたい台が固まっているか聞かせてくれ！プレミアム,未調査,未調査
P打ちたい台が固まっているか聞かせてくれ！プレミアム,未調査,未調査
打ちたい台が固まっているか聞かせてくれ！プレミアム,未調査,未調査
覇王丸,未調査,未調査
降臨シリーズ アポロン,未調査,未調査
スパジャッジ大東海,未調査,未調査
Dマリーン,未調査,未調査
ユウリ来店,未調査,未調査
スゴろく！,未調査,未調査
イナズマ広告 灰色,未調査,未調査
イナズマ広告 黄,未調査,未調査
イナズマ広告 黒雷,未調査,未調査
ガチレポクイーン,未調査,未調査
Let‘ｓパチンカー,未調査,未調査
Dロード,未調査,未調査
パイ投げ,未調査,未調査
パイ投げ,未調査,未調査
BB取材 アツ姫,未調査,未調査
ギガグリフォン,未調査,未調査
拾い神プラチナム,未調査,未調査
四神P青龍烈,未調査,未調査
スロットW 金,未調査,未調査
裏店長広告 虹,未調査,未調査
裏店長広告 青,未調査,未調査
金華繚乱取材,未調査,未調査
金華繚乱取材,未調査,未調査
金華繚乱取材,未調査,未調査
金華繚乱取材,未調査,未調査
裏店長広告 ピンク,未調査,未調査
プロローグジャック,未調査,未調査
ロードオブパチンコ,未調査,未調査
ギガヴァラーハ,未調査,未調査
ヴァラーハ,未調査,未調査
イナズマ広告 紫,未調査,未調査
バリ連取材,未調査,未調査
ビッグバン,未調査,未調査
シューティングスター,未調査,未調査
ゲンキー実践取材,未調査,未調査
リヴァイアサン,未調査,未調査
アオの四闘,未調査,未調査
ゴルゴン,未調査,未調査
S-EXTRA 初開催,未調査,未調査
ライター来店 ,未調査,未調査
ネクストゾーン実践来店 ゴールドさん,未調査,未調査
裏店長広告 赤,未調査,未調査
元気の源スパジャッジ!!,未調査,未調査
ヴァイキング,未調査,未調査
ジェムレポ アメジスト,未調査,未調査
夢幻,未調査,未調査
スコーピオン取材 DEAD or ALIVE,未調査,未調査
パチとスロは友を呼ぶ,未調査,未調査
でちゃう来店 山さや,未調査,未調査
スゴろく！テンパー,未調査,未調査
ALL-STARS 初開催,未調査,未調査
スゴろく！サンゴ,未調査,未調査
弦朧ノ絆,未調査,未調査
やっぱカナガワ!!!,未調査,未調査
イナズマ広告 茶色,未調査,未調査
Clover,未調査,未調査
チバレポ,未調査,未調査
三暗刻 全国優良ホールレポート三 アメスロ,未調査,未調査
ブッコミデータカラー 黄,未調査,未調査
GOTOオフミーせんだ親子 初開催,未調査,未調査
肉はこう焼く ランプ55,未調査,未調査
封印されしホルスの拳,未調査,未調査
領域展開,未調査,未調査
S-EXTRA,未調査,未調査
開店時間案内,未調査,未調査
スコーピオン取材 結束の極 翠緑,未調査,未調査
終末への挑戦,未調査,未調査
BBS,未調査,未調査
でちゃう来店 ほしまみ,未調査,未調査
最後のレイドバトル,未調査,未調査
スコーピオン取材 結束の極 真紅,未調査,未調査
でちゃう来店 あしなっくす,未調査,未調査
でちゃう来店 あしなっくす,未調査,未調査
でちゃう来店 あしなっくす,未調査,未調査
屋台販売,未調査,未調査
屋台販売,未調査,未調査
でちゃう来店 りんね,未調査,未調査
でちゃう来店 りんね,未調査,未調査
でちゃう来店 りんね,未調査,未調査
スゴろく！トリコロール,未調査,未調査
ゆらし来店,未調査,未調査
島人取材,未調査,未調査
降臨シリーズ オーディン極,未調査,未調査
降臨シリーズ オーディン極,未調査,未調査
降臨シリーズ オーディン極,未調査,未調査
オフミー初開催,未調査,未調査
オフミー初開催,未調査,未調査
ケルベロスター,未調査,未調査
パチ検,未調査,未調査
イナズマ広告 虹,未調査,未調査
パチ検,未調査,未調査
パチ検,未調査,未調査
パチ検,未調査,未調査
四神 超白虎,未調査,未調査
封印されしホルスの土踏まず,未調査,未調査
新台調査隊,未調査,未調査
ドリスロ：全台系 初開催,未調査,未調査
【TPOh!】ALL SET,未調査,未調査
スコーピオン取材 結束の刻 真紅,未調査,未調査
【ぷち玉】,未調査,未調査
トレジャー,未調査,未調査
でちゃう来店 とこなっつ,未調査,未調査
マスカレードスパジャッジ!!,未調査,未調査
スパジャッジ ガーベラピンク,未調査,未調査
KKK,未調査,未調査
スコーピオン取材 団結の極 真紅,未調査,未調査
低カチ取材,未調査,未調査
TRIPLE K,未調査,未調査
TRIPLE K,未調査,未調査
RENEWAL OPEN調査,未調査,未調査
リニューアルオープン調査,未調査,未調査
TRIPLE K,未調査,未調査
ガチアンケート虹色,未調査,未調査
ガチアンケート紫色,未調査,未調査
実戦来店 真心,未調査,未調査
BLUEBIRD,未調査,未調査
東海でちゃう広告 黒,未調査,未調査
でちゃう来店 どた・ばた子,未調査,未調査
トレジャーハントS,未調査,未調査
どれみ来店 ジャンバリ,未調査,未調査
イナズマ広告 パッションピンク,未調査,未調査
ガチアンケート緑色,未調査,未調査
ガチアンケート緑色,未調査,未調査
ぱぁすけど本命シール おだんごステッカー,未調査,未調査
みぃこ来店,未調査,未調査
P5-絶唱 ゲッツ‼,未調査,未調査
どんパチ5,未調査,未調査
どんパチ5,未調査,未調査
J times,未調査,未調査
来店実戦BASHFES2022,未調査,未調査
あゆちゃんまんプロデュース屋台,未調査,未調査
あゆちゃんまんプロデュース屋台,未調査,未調査
あゆちゃんまん＆やじおプロデュース屋台,未調査,未調査
あゆちゃんまんプロデュース屋台,未調査,未調査
スパジャッジNifty 5!!,未調査,未調査
ズバパチミレニアム,未調査,未調査
スロットZ2_G,未調査,未調査
裏店長広告 バラ,未調査,未調査
くろむシックス,未調査,未調査
真KING OVER,未調査,未調査
PKR,未調査,未調査
天下繫栄-HALF SPARKING,未調査,未調査
天下繫栄-HALF SPARKING,未調査,未調査
天下繫栄-HALF SPARKING,未調査,未調査
PKR,未調査,未調査
メガぱち 必勝本,未調査,未調査
【TPOh!】2×2LINE,未調査,未調査
加藤やさしさ来店,未調査,未調査
ここのパチは友を呼ぶ,未調査,未調査
新台レポート APチャンネル ,未調査,未調査
ゲッツ!!エクストリームゲームス,未調査,未調査
クロロスロッター,未調査,未調査
クロロスロッター,未調査,未調査
2022 BEST MACHINE BATTLE～パチスロ編～,未調査,未調査
2022 BEST MACHINE BATTLE～パチンコ編～,未調査,未調査
MONSTER BALL,未調査,未調査
ぱぁすけど本命シール マッスルステッカーS,未調査,未調査
封印されしホルスの上腕二頭筋,未調査,未調査
椿りか来店,未調査,未調査
スロットLOGO,未調査,未調査
スロットZ2,未調査,未調査
パチンコZ_G,未調査,未調査
NEWGENERATION,未調査,未調査
限界突破生存中来店,未調査,未調査
暴走取材 P-STRIKE,未調査,未調査
ジャンヌダルクレポート アメスロ,未調査,未調査
ういちと鈴虫のおもスロいテレビ収録,未調査,未調査
パトレポ,未調査,未調査
大王ダービー,未調査,未調査
大王ダービー,未調査,未調査
大王ダービー,未調査,未調査
破竹之勢・改,未調査,未調査
クロロスロパチンカー,未調査,未調査
破天荒BREAK・極,未調査,未調査
スコーピオン取材 団結の刻 真紅,未調査,未調査
イナズマ広告 蒼緑,未調査,未調査
イレブンパチンカー,未調査,未調査
アニ活,未調査,未調査
イレブンパチンカー,未調査,未調査
イレブンパチンカー,未調査,未調査
イレブンパチンカー,未調査,未調査
イレブンパチンカー,未調査,未調査
イレブンパチンカー,未調査,未調査
イレブンパチンカー,未調査,未調査
イレブンパチンカー,未調査,未調査
イレブンパチンカー,未調査,未調査
イレブンパチンカー,未調査,未調査
ジェムレポ サファイア,未調査,未調査
ジェムレポ ルビー,未調査,未調査
【TPOh!】トレジャー,未調査,未調査
世紀末ハリケェェェンスパジャッジ,未調査,未調査
竜騰虎闘,未調査,未調査
竜騰虎闘,未調査,未調査
玉調べ,未調査,未調査
スパジャッジ華王!!,未調査,未調査
YES愛DO,未調査,未調査
セブンスヘブン,未調査,未調査
ジェムレポ エメラルド,未調査,未調査
鬼がかりReport,未調査,未調査
封印されしホルスのアキレス腱,未調査,未調査
やべんじゃーず黄,未調査,未調査
華麗なる取材REBORN,未調査,未調査
スロットGOUDOU,未調査,未調査
スロットGOUDOU,未調査,未調査
玉調べゴールデン,未調査,未調査
わずぼーん来店,未調査,未調査
ぷち玉,未調査,未調査
ガチアンケート金色,未調査,未調査
ぷち玉,未調査,未調査
でちゃう来店 あんどりゅー,未調査,未調査
パチンコバトル取材,未調査,未調査
ズバスロ極,未調査,未調査
エピソードオブ千-幕開け,未調査,未調査
弾丸シリーズ ハンドガン,未調査,未調査
琉球石,未調査,未調査
よっしー社長の厳選ホール,未調査,未調査
虎虎虎,未調査,未調査
トレジャーハンター収録,未調査,未調査
やじおプロデュース屋台,未調査,未調査
新回胴ミッション,未調査,未調査
イナズマ広告 緑,未調査,未調査
QU4DK,未調査,未調査
QU4DK,未調査,未調査
まめこ来店,未調査,未調査
使徒VS覚醒 ハイパーロボットレポート 爆ガチ! ,未調査,未調査
千里眼,未調査,未調査
新台Report,未調査,未調査
りゅーこ広告,未調査,未調査
りゅーこ広告,未調査,未調査
りゅーこ広告,未調査,未調査
ナイン×スロパチンカー,未調査,未調査
クロロパチンカー,未調査,未調査
クロロパチンカー,未調査,未調査
潜入取材ギガテン,スロパチ,未調査
潜入取材ギガテン,未調査,未調査
潜入取材ギガテン,未調査,未調査
潜入取材ギガテン,未調査,未調査
潜入取材ギガテン,未調査,未調査
潜入取材ギガテン,未調査,未調査
降臨シリーズ シヴァ極,未調査,未調査
番組収録 あおい,未調査,未調査
超やべんじゃーずA,未調査,未調査
超やべんじゃーずA,未調査,未調査
パチンコタクティクス魂,未調査,未調査
黒バラの玉意,未調査,未調査
よっしー社長のプラベ打ち,未調査,未調査
レインボーDロゴ Dステ系列,未調査,未調査
レインボーDロゴ Dステ系列,未調査,未調査
レインボーDロゴ Dステ系列,未調査,未調査
七武海,未調査,未調査
天使ゆりたん来店,未調査,未調査
封印されしホルスの両手,未調査,未調査
中トロ,未調査,未調査
STER BATTLE,未調査,未調査
パチマガスロマガSTAR BATTLE,パチスロ必勝本,未調査
Dynamite取材 詠唱取材GOLD,未調査,未調査
金色取材,未調査,未調査
肉はこう焼く イチボ650,未調査,未調査
ガチアンケート赤色,未調査,未調査
やべんじゃーず皎,未調査,未調査
王様旋風,未調査,未調査
スロパチ景品入荷予定 パチンコ,未調査,未調査
王様旋風,未調査,未調査
王様旋風,未調査,未調査
王様旋風,未調査,未調査
水樹あや来店,未調査,未調査
やべんじゃーず紫,未調査,未調査
新時代リサーチ,未調査,未調査
スマレポ,未調査,未調査
スマレポ,未調査,未調査
ファン感謝デー全国優良店レポート,未調査,未調査
パチンコR_G,未調査,未調査
ナイン×スロッター,未調査,未調査
封印されしホルスの目覚め,未調査,未調査
天道虫 虫シリーズ 絶団,未調査,未調査
パチさんぽ,未調査,未調査
COMPLETE取材,未調査,未調査
天道虫 道シリーズ 翔,未調査,未調査
天道虫 道シリーズ 群,未調査,未調査
妖-あやかし-,未調査,未調査
イナズマ広告 白,未調査,未調査
イナズマ広告 白,未調査,未調査
裏店長広告 オレンジ,未調査,未調査
剛腕！魂 6.5SOUL,未調査,未調査
超オリスロ,未調査,未調査
だんご取材ネオ,未調査,未調査
天道虫 虫シリーズ 絶結,未調査,未調査
オフミー開催 BBオフ会初,未調査,未調査
Hカップスロ姉やん来店,未調査,未調査
カリスマ取材,未調査,未調査
ぷにまる来店,未調査,未調査
一致団結ポップ D系列,未調査,未調査
一致団結ポップ D系列,未調査,未調査
一致団結ポップ D系列,未調査,未調査
一致団結ポップ D系列,未調査,未調査
一致団結ポップ D系列,未調査,未調査
一致団結ポップ D系列,未調査,未調査
一致団結ポップ D系列,未調査,未調査
タイガーハンター,未調査,未調査
真・破天荒BREAK,未調査,未調査
王様出陣,未調査,未調査
王様出陣,未調査,未調査
王様出陣,未調査,未調査
王様出陣,未調査,未調査
ズバスロA極,未調査,未調査
五十嵐マリア来店,未調査,未調査
しんのすけch収録,未調査,未調査
スロットHATSU,未調査,未調査
炎,未調査,未調査
爆弾 赤,未調査,未調査
爆弾,未調査,未調査
スロット6.5,未調査,未調査
オリパチ,未調査,未調査
収録 ゴールデンジャケット,未調査,未調査
アナスロ速報 赤,未調査,未調査
スマート&クライ,未調査,未調査
エピソードオブ千-終決-,未調査,未調査
エピソードオブ千-終決-,未調査,未調査
エピソードオブ千-終決-,未調査,未調査
末代まで語れる自慢話を聞かせてくれ,未調査,未調査
スロットPA--ZZO_A,未調査,未調査
スロットPA--ZZO_HATENA,未調査,未調査
スロットPA--ZZO_O,未調査,未調査
スロットPA--ZZO_P2,未調査,未調査
スロットPA--ZZO_Z,未調査,未調査
ぱちタウンタレント来店 田中逆回転,未調査,未調査
封印されしホルスの巣離れ,未調査,未調査
ガチレポフルハウス 黄,未調査,未調査
スマート[S]collection,未調査,未調査
パーフェクトスロット アメスロ,未調査,未調査
スマスロリポート,未調査,未調査
アナスロ速報 金,未調査,未調査
ぱちタウンタレント来店 橘アンジュ,未調査,未調査
新時代,未調査,未調査
ぱちタウンタレント来店 MYME,未調査,未調査
BRAND-NEWSLOT,未調査,未調査
五神獣広告 輝獣,未調査,未調査
五神獣広告 輝獣,未調査,未調査
チェンパチ取材,未調査,未調査
ぱちタウンタレント来店 山崎ひびき,未調査,未調査
天道虫 虫シリーズ 珠快,未調査,未調査
虹ひかり来店,未調査,未調査
今日出す！リベンジャーズ,未調査,未調査
大王ダービー エクスアリーナ系列,未調査,未調査
大王ダービー エクスアリーナ系列,未調査,未調査
大王ダービー エクスアリーナ系列,未調査,未調査
真CWC,未調査,未調査
GIANTPOWER,未調査,未調査
OVERTHELIMIT取材,未調査,未調査
OVERTHELIMIT取材,未調査,未調査
柊なぎさ来店,未調査,未調査
天道虫 虫シリーズ 散,未調査,未調査
天道虫 虫シリーズ 結,未調査,未調査
天道虫 道シリーズ 珠烈,未調査,未調査
しんのすけの弟子ぺるぺる来店,未調査,未調査
スロットRAINBOW_E,未調査,未調査
スロットRAINBOW_I,未調査,未調査
スロットRAINBOW_M,未調査,未調査
スロットRAINBOW_N,未調査,未調査
スロットRAINBOW_O1,未調査,未調査
スロットRAINBOW_O2,未調査,未調査
スロットRAINBOW_T,未調査,未調査
ぱちタウンタレント来店 小林さな,未調査,未調査
リベンジャーズ,未調査,未調査
上限突破取材,未調査,未調査
リニューアル 1日目,未調査,未調査
ぱちタウンタレント来店 結愛,未調査,未調査
ぱちタウンタレント来店 ナミ,未調査,未調査
脳汁娘ナルミ来店,未調査,未調査
スロットSTAY,未調査,未調査
リニューアル 3日目,未調査,未調査
リニューアル 3日目,未調査,未調査
ぱちタウンタレント来店 オモダたくみ,未調査,未調査
赤羽六華来店,未調査,未調査
リニューアル 2日目,未調査,未調査
アメージングスロッター,未調査,未調査
ドニセレ,未調査,未調査
天道虫 道シリーズ 陽,未調査,未調査
極彩色回胴,未調査,未調査
天道虫 虫シリーズ 彩,未調査,未調査
共闘 パラッツォ系列,未調査,未調査
共闘 パラッツォ系列,未調査,未調査
神龍,未調査,未調査
スーパーレッドドラゴン,未調査,未調査
サンキュービクトリー,未調査,未調査
バチバチ,未調査,未調査
1万回転チャレンジ,未調査,未調査
ギガTレックスXXX,未調査,未調査
スロットSS,未調査,未調査
Powerful-Pitcher-ドクターK,未調査,未調査
ツインレッドドラゴン　,未調査,未調査
金龍,未調査,未調査
ぱちタウンタレント来店 果生梨,未調査,未調査
ダイス6.5スマートver.,未調査,未調査
ダイス6.5スマートver.,未調査,未調査
封印されしホルスの初恋,未調査,未調査
スマラン,未調査,未調査
オシリス降臨,未調査,未調査
レッドドラゴン,未調査,未調査
DinosaurWorld,未調査,未調査
デビルレボリューションx,未調査,未調査
あるまげどん広告,未調査,未調査
ぱちタウンタレント来店 孔明,未調査,未調査
あかだ砲,未調査,未調査
でらでらでら打ちたい台が固まっているか聞かせてくれ,未調査,未調査
トレジャーローテーション取材,未調査,未調査
四神 超青龍,未調査,未調査
GR6.5,未調査,未調査
子子孫孫-斬-,未調査,未調査
チェックメイト,未調査,未調査
その日、盛り上がった光景を取材する極,未調査,未調査
天道虫 虫シリーズ 珠猛,未調査,未調査
鬼に金棒 パラッツォ系列,未調査,未調査
プレミアム ゴールデン スロット,未調査,未調査
覇者の如く,未調査,未調査
ALW,未調査,未調査
GKP,未調査,未調査
中段ちぇりこ,未調査,未調査
ガチレポスリーカード 紫,未調査,未調査
BBM,未調査,未調査
大盤振舞プレミアム,未調査,未調査
玉ちゃん来店,未調査,未調査
れりち来店,未調査,未調査
結菜来店,未調査,未調査
オープン日体験記,未調査,未調査
チェンスロ取材,未調査,未調査
黒バラの超極,未調査,未調査
MEGA所沢ジャック ガーデン系列,未調査,未調査
スーパーサンダードラゴン,未調査,未調査
MEGA所沢ジャック ガーデン系列,未調査,未調査
満天☆STAR Zeal Ⅲ,未調査,未調査
嵐 マルハン系列,未調査,未調査
嵐 マルハン系列,未調査,未調査
嵐 マルハン系列,未調査,未調査
嵐 マルハン系列,未調査,未調査
嵐 マルハン系列,未調査,未調査
嵐 マルハン系列,未調査,未調査
嵐 マルハン系列,未調査,未調査
嵐 マルハン系列,未調査,未調査
嵐 マルハン系列,未調査,未調査
嵐 マルハン系列,未調査,未調査
執念攻略指南,未調査,未調査
天照大神降臨,未調査,未調査
ひらやまん来店 フリー,未調査,未調査
ひらやまん来店 フリー,未調査,未調査
マジカルレポート,未調査,未調査
ぱちタウンタレント来店 ギブアップ大西,未調査,未調査
お正月だよ特大ホームラン,未調査,未調査
お正月だよ特大ホームラン,未調査,未調査
お正月だよ特大ホームラン,未調査,未調査
堀江りほ来店,未調査,未調査
お正月だよ特大ホームラン,未調査,未調査
お正月だよ特大ホームラン,未調査,未調査
お正月だよ特大ホームラン,未調査,未調査
ゆずぴ来店,未調査,未調査
お正月だよ特大ホームラン,未調査,未調査
お正月だよ特大ホームラン,未調査,未調査
天道虫 天シリーズ ∞ 無限,未調査,未調査
サミーハッピーデー,未調査,未調査
サミーハッピーデー,未調査,未調査
サミーハッピーデー,未調査,未調査
サミーハッピーデー,未調査,未調査
ルシファー かみちゃま,未調査,未調査
ぱちタウンタレント来店 水樹あや,未調査,未調査
道化師取材,未調査,未調査
サンダードラゴン,未調査,未調査
しんのすけ来店,未調査,未調査
シーサ。来店,未調査,未調査
DRAW4,未調査,未調査
DRAW4,未調査,未調査
DRAW4,未調査,未調査
DRAW4,未調査,未調査
プレミアムゼウス,未調査,未調査
GOLDENAGE,未調査,未調査
Dセレクト,未調査,未調査
スゴろく！ダブルロック,未調査,未調査
パチンコタクティクス嵐,未調査,未調査
パチ検予備校,未調査,未調査
ヒジカタ来店,未調査,未調査
ミラクル8取材,未調査,未調査
ぱぁすけど本命シール ファイヤーステッカーS,未調査,未調査
ドキDOKIレポート,未調査,未調査
しんのすけ来店 回胴連,未調査,未調査
ドラゴンピエロ,未調査,未調査
サバイバルSLOT,未調査,未調査
四神P朱雀,未調査,未調査
四神P玄武,未調査,未調査
ジロウ来店,未調査,未調査
末あしゅら広告,未調査,未調査
P求道者取材,未調査,未調査
封印されしホルスの大人の階段,未調査,未調査
まぢ卍 大王グループ系列,未調査,未調査
まぢ卍 大王グループ系列,未調査,未調査
まぢ卍 大王グループ系列,未調査,未調査
暴走スパジャッジ!!,未調査,未調査
スパジャッジM物語,未調査,未調査
ハヅナツ!,未調査,未調査
サボリーマンスロット,未調査,未調査
スサノオ かみたま,未調査,未調査
ヘスティア かみちゃま,未調査,未調査
GREEN M,未調査,未調査
東海大作戦 青,未調査,未調査
だんごがいっぱい,未調査,未調査
エンジェルボイス,未調査,未調査
だんごがいっぱい,未調査,未調査
オクタゴン取材,未調査,未調査
ゼウス かみたま,未調査,未調査
アポロン かみたま,未調査,未調査
ゼウス かみたま,未調査,未調査
龍,未調査,未調査
青と黒収録,未調査,未調査
乱りゅーこ広告,未調査,未調査
PGAオープン,未調査,未調査
PGAオープン,未調査,未調査
PGAオープン,未調査,未調査
スマート分析,未調査,未調査
6.5分析,未調査,未調査
Dynamite取材 新基準RESEARCH,未調査,未調査
新基準RESEARCH,未調査,未調査
エリス かみちゃま,未調査,未調査
アテナ かみちゃま,未調査,未調査
ハーデス かみたま,未調査,未調査
キノコ狩り,未調査,未調査
キノコ狩り,未調査,未調査
キノコ狩り,未調査,未調査
キノコ狩り,未調査,未調査
フラワードラゴン,未調査,未調査
ドリパチ,未調査,未調査
ドリパチ,未調査,未調査
ノムラ、100万％で勝ちたいってよ,未調査,未調査
ダイス,未調査,未調査
フラットファウンド,未調査,未調査
ペカファインダー,未調査,未調査
ロックタン,未調査,未調査
四天王,未調査,未調査
アクア かみちゃま,未調査,未調査
天道虫 道シリーズ 超翔,未調査,未調査
鉄カバP1,未調査,未調査
プレミアムNARABU LEGEND,未調査,未調査
ハニーハント,未調査,未調査
ハニーハント,未調査,未調査
ペルセポネ かみちゃま,未調査,未調査
ブレイブバンド-獅子奮迅-,未調査,未調査
ブレイブバンド-獅子奮迅-,未調査,未調査
封印されしホルスの失恋,未調査,未調査
黄金鳥,未調査,未調査
鉄カバGOLD,未調査,未調査
鉄カバP2,未調査,未調査
鉄カバP2,未調査,未調査
鉄カバP2,未調査,未調査
Sランクミッション,未調査,未調査
鉄カバSILVER,未調査,未調査
リーチ目Report,未調査,未調査
オシリスの咆哮,未調査,未調査
ブッコミデータカラー 紫,未調査,未調査
ツインサンダードラゴン,未調査,未調査
スロッター×スロッター6.5,未調査,未調査
ドリスロ：スマスロ・6.5号機,未調査,未調査
ALLSET,未調査,未調査
ジャッジメントS,未調査,未調査
でちゃう来店 ゆかゆか,未調査,未調査
四神P超白虎,未調査,未調査
イナズマ広告 オレンジ,未調査,未調査
鉄カバGO!,未調査,未調査
Re:JUDGE,未調査,未調査
黒バラリノ　来店,未調査,未調査
みくるん印,未調査,未調査
みなひろ収録来店,未調査,未調査
ジャッジメントP,未調査,未調査
王様4つの野望P,未調査,未調査
王様4つの野望S,未調査,未調査
解明取材,未調査,未調査
スマートオフミー 初開催,未調査,未調査
パチスター,未調査,未調査
ライジングサン パチエース,未調査,未調査
まりる来店,未調査,未調査
Pモンスターレコード格納庫,未調査,未調査
弾丸シリーズ スナイパーライフル,未調査,未調査
ビッグバン ギャラスタ,未調査,未調査
ビッグバン ギャラスタ,未調査,未調査
ビッグバン ギャラスタ,未調査,未調査
ジュラシック・レジェンド,未調査,未調査
ぱちレポA,未調査,未調査
半のスロは友を呼ぶ,未調査,未調査
半のスロは友を呼ぶ,未調査,未調査
スロットSS‗SL,未調査,未調査
豪華絢爛迴取材,未調査,未調査
四神P白虎,未調査,未調査
水星,未調査,未調査
天道虫 虫シリーズ 団,未調査,未調査
そのちゃん来店,未調査,未調査
瞳取材,未調査,未調査
稲妻保留,未調査,未調査
ガチスロ,未調査,未調査
ニカ かみちゃま,未調査,未調査
火星,未調査,未調査
ドラゴンテイル,未調査,未調査
ブラックドラゴン亜種,未調査,未調査
シャイニングドラゴン,未調査,未調査
ハーフカグラ かみちゃま,未調査,未調査
ドロー4,未調査,未調査
wktk～ワクテカ～,未調査,未調査
金星,未調査,未調査
右京来店,未調査,未調査
スロパチなごや嬢すみれ来店,未調査,未調査
エイムスター取材,未調査,未調査
でちゃう来店 愛川ゆな,未調査,未調査
スマートROCK1／2,未調査,未調査
黒バラの極意 来店ver,未調査,未調査
化物,未調査,未調査
アルティメット アツ姫,未調査,未調査
ブレイブバンド-九頭龍咆哮-,未調査,未調査
ガチパチ,未調査,未調査
裏店長広告 スマイル黒,未調査,未調査
コウタロー来店,未調査,未調査
兎味ペロリナ来店 ジャンバリ.TV,未調査,未調査
政重ゆうき来店,未調査,未調査
やべんじゃーず茶,未調査,未調査
シン・ナカオコ,未調査,未調査
新台ベストフレンズ,未調査,未調査
鬼に金棒ポスター掲出,未調査,未調査
とあるえむパチ来店,未調査,未調査
ドラゴンクラウン,未調査,未調査
カグラ かみちゃま,未調査,未調査
スマート×スロッター,未調査,未調査
アドリブスロッター,未調査,未調査
最光取材,未調査,未調査
三大将,未調査,未調査
最光取材,未調査,未調査
HSE-HorusSpecialEdition-,未調査,未調査
四天王裏,未調査,未調査
スマートオフミー,未調査,未調査
イナズマ広告 レインボークラッシュ,未調査,未調査
キリン保留,未調査,未調査
ピエロ保留,未調査,未調査
ハイビスカス保留,未調査,未調査
極やべんじゃーず蒼,未調査,未調査
ブラックドラゴン,未調査,未調査
サクヤ かみちゃま,未調査,未調査
APチャンネル新台実践,未調査,未調査
鉄カバ6.5,未調査,未調査
サンダーDRAGON,未調査,未調査
金字塔,未調査,未調査
NEOアドリブ×スロッター,未調査,未調査
あきれいいち来店,未調査,未調査
鉄カバP3,未調査,未調査
ブラックサンダーG&,未調査,未調査
ジャッジコンボ,未調査,未調査
スコーピオン取材 団結の極 翠緑,未調査,未調査
裏店長広告 水色,未調査,未調査
四神P青龍,未調査,未調査
湘南台deどーよ！？ パラッツォ系列,未調査,未調査
バラエティドラゴン,未調査,未調査
ポセイドン かみたま,未調査,未調査
超鉄カバSILVER,未調査,未調査
渋沢が行く！,未調査,未調査
アンナライズ,未調査,未調査
スマート保留,未調査,未調査
評判をキク,未調査,未調査
アナスロ速報 紫,未調査,未調査
Kの意思,未調査,未調査
三重大作戦 青,未調査,未調査
Bakyun!トレススマートver.,未調査,未調査
裏店長広告 太陽,未調査,未調査
スロットss_G,未調査,未調査
武勇伝,未調査,未調査
華まるガチンコ調査,未調査,未調査
華まるガチンコ調査,未調査,未調査
DUEL SLOTTERS×PACHINKERS,未調査,未調査
パチンコEv,未調査,未調査
パチンコUn,未調査,未調査
スマートROCK,未調査,未調査
幻界突破,未調査,未調査
DUELSLOTTERS×PACHINKERS パチンコ,未調査,未調査
デュエルパチンカーズ,未調査,未調査
封印されしホルスの因縁のライバル,未調査,未調査
DUELSLOTTERS×PACHINKERS パチ×スロ,未調査,未調査
FILMONE,未調査,未調査
ギョウテン,未調査,未調査
オシリスの聖域,未調査,未調査
ぱちかすナナちゃん来店,未調査,未調査
ミカエル,未調査,未調査
グランドクロス,未調査,未調査
10人ニキ 鈴木大輔来店,未調査,未調査
リベンジャーズ卍,未調査,未調査
エリート漢気調査,未調査,未調査
エリート漢気調査,未調査,未調査
ゼブラ保留,未調査,未調査
もり田来店,未調査,未調査
ジュラシック・レジェンドα,未調査,未調査
鳥海かう来店,未調査,未調査
天草ヤスヲ来店,未調査,未調査
ガチアンケートスタンバイ,未調査,未調査
パチンコGE,未調査,未調査
パチンコHO,未調査,未調査